/*
Navicat MySQL Data Transfer

Source Server         : hanfei
Source Server Version : 50626
Source Host           : localhost:3306
Source Database       : car_manage

Target Server Type    : MYSQL
Target Server Version : 50626
File Encoding         : 65001

Date: 2016-05-08 18:16:15
*/

SET FOREIGN_KEY_CHECKS=0;

-- ----------------------------
-- Table structure for car201501
-- ----------------------------
DROP TABLE IF EXISTS `car201501`;
CREATE TABLE `car201501` (
  `s_id` char(7) DEFAULT NULL,
  `order` int(11) unsigned NOT NULL AUTO_INCREMENT,
  PRIMARY KEY (`order`)
) ENGINE=InnoDB AUTO_INCREMENT=12 DEFAULT CHARSET=utf8;

-- ----------------------------
-- Records of car201501
-- ----------------------------
INSERT INTO `car201501` VALUES ('2015043', '1');
INSERT INTO `car201501` VALUES ('2015032', '2');
INSERT INTO `car201501` VALUES ('2015026', '3');
INSERT INTO `car201501` VALUES ('2015009', '4');
INSERT INTO `car201501` VALUES ('2015050', '5');
INSERT INTO `car201501` VALUES ('2015017', '6');
INSERT INTO `car201501` VALUES ('2015033', '7');
INSERT INTO `car201501` VALUES ('2015004', '8');
INSERT INTO `car201501` VALUES ('2015003', '9');
INSERT INTO `car201501` VALUES ('2015030', '10');
INSERT INTO `car201501` VALUES ('2015031', '11');

-- ----------------------------
-- Table structure for car201502
-- ----------------------------
DROP TABLE IF EXISTS `car201502`;
CREATE TABLE `car201502` (
  `s_id` char(7) DEFAULT NULL,
  `order` int(11) unsigned NOT NULL AUTO_INCREMENT,
  PRIMARY KEY (`order`)
) ENGINE=InnoDB AUTO_INCREMENT=12 DEFAULT CHARSET=utf8;

-- ----------------------------
-- Records of car201502
-- ----------------------------
INSERT INTO `car201502` VALUES ('2015034', '1');
INSERT INTO `car201502` VALUES ('2015028', '2');
INSERT INTO `car201502` VALUES ('2015004', '3');
INSERT INTO `car201502` VALUES ('2015005', '4');
INSERT INTO `car201502` VALUES ('2015017', '5');
INSERT INTO `car201502` VALUES ('2015011', '6');
INSERT INTO `car201502` VALUES ('2015011', '7');
INSERT INTO `car201502` VALUES ('2015043', '8');
INSERT INTO `car201502` VALUES ('2015026', '9');
INSERT INTO `car201502` VALUES ('2015014', '10');
INSERT INTO `car201502` VALUES ('2015038', '11');

-- ----------------------------
-- Table structure for car201503
-- ----------------------------
DROP TABLE IF EXISTS `car201503`;
CREATE TABLE `car201503` (
  `s_id` char(7) DEFAULT NULL,
  `order` int(11) unsigned NOT NULL AUTO_INCREMENT,
  PRIMARY KEY (`order`)
) ENGINE=InnoDB AUTO_INCREMENT=21 DEFAULT CHARSET=utf8;

-- ----------------------------
-- Records of car201503
-- ----------------------------
INSERT INTO `car201503` VALUES ('2015034', '1');
INSERT INTO `car201503` VALUES ('2015049', '2');
INSERT INTO `car201503` VALUES ('2015009', '3');
INSERT INTO `car201503` VALUES ('2015014', '4');
INSERT INTO `car201503` VALUES ('2015030', '5');
INSERT INTO `car201503` VALUES ('2015006', '6');
INSERT INTO `car201503` VALUES ('2015018', '7');
INSERT INTO `car201503` VALUES ('2015019', '8');
INSERT INTO `car201503` VALUES ('2015010', '9');
INSERT INTO `car201503` VALUES ('2015011', '10');
INSERT INTO `car201503` VALUES ('2015020', '11');
INSERT INTO `car201503` VALUES ('2015028', '12');
INSERT INTO `car201503` VALUES ('2015025', '13');
INSERT INTO `car201503` VALUES ('2015027', '14');
INSERT INTO `car201503` VALUES ('2015008', '15');
INSERT INTO `car201503` VALUES ('2015003', '16');
INSERT INTO `car201503` VALUES ('2015033', '17');
INSERT INTO `car201503` VALUES ('2015032', '18');
INSERT INTO `car201503` VALUES ('2015050', '19');
INSERT INTO `car201503` VALUES ('2015031', '20');

-- ----------------------------
-- Table structure for car201504
-- ----------------------------
DROP TABLE IF EXISTS `car201504`;
CREATE TABLE `car201504` (
  `s_id` char(7) DEFAULT NULL,
  `order` int(11) unsigned NOT NULL AUTO_INCREMENT,
  PRIMARY KEY (`order`)
) ENGINE=InnoDB AUTO_INCREMENT=14 DEFAULT CHARSET=utf8;

-- ----------------------------
-- Records of car201504
-- ----------------------------
INSERT INTO `car201504` VALUES ('2015050', '1');
INSERT INTO `car201504` VALUES ('2015022', '2');
INSERT INTO `car201504` VALUES ('2015039', '3');
INSERT INTO `car201504` VALUES ('2015044', '4');
INSERT INTO `car201504` VALUES ('2015037', '5');
INSERT INTO `car201504` VALUES ('2015008', '6');
INSERT INTO `car201504` VALUES ('2015012', '7');
INSERT INTO `car201504` VALUES ('2015031', '8');
INSERT INTO `car201504` VALUES ('2015018', '9');
INSERT INTO `car201504` VALUES ('2015031', '10');
INSERT INTO `car201504` VALUES ('2015047', '11');
INSERT INTO `car201504` VALUES ('2015014', '12');
INSERT INTO `car201504` VALUES ('2015024', '13');

-- ----------------------------
-- Table structure for car201505
-- ----------------------------
DROP TABLE IF EXISTS `car201505`;
CREATE TABLE `car201505` (
  `s_id` char(7) DEFAULT NULL,
  `order` int(11) unsigned NOT NULL AUTO_INCREMENT,
  PRIMARY KEY (`order`)
) ENGINE=InnoDB AUTO_INCREMENT=20 DEFAULT CHARSET=utf8;

-- ----------------------------
-- Records of car201505
-- ----------------------------
INSERT INTO `car201505` VALUES ('2015017', '1');
INSERT INTO `car201505` VALUES ('2015047', '2');
INSERT INTO `car201505` VALUES ('2015026', '3');
INSERT INTO `car201505` VALUES ('2015036', '4');
INSERT INTO `car201505` VALUES ('2015022', '5');
INSERT INTO `car201505` VALUES ('2015022', '6');
INSERT INTO `car201505` VALUES ('2015025', '7');
INSERT INTO `car201505` VALUES ('2015044', '8');
INSERT INTO `car201505` VALUES ('2015017', '9');
INSERT INTO `car201505` VALUES ('2015028', '10');
INSERT INTO `car201505` VALUES ('2015023', '11');
INSERT INTO `car201505` VALUES ('2015008', '12');
INSERT INTO `car201505` VALUES ('2015044', '13');
INSERT INTO `car201505` VALUES ('2015010', '14');
INSERT INTO `car201505` VALUES ('2015041', '15');
INSERT INTO `car201505` VALUES ('2015046', '16');
INSERT INTO `car201505` VALUES ('2015041', '17');
INSERT INTO `car201505` VALUES ('2015037', '18');
INSERT INTO `car201505` VALUES ('2015015', '19');

-- ----------------------------
-- Table structure for car201506
-- ----------------------------
DROP TABLE IF EXISTS `car201506`;
CREATE TABLE `car201506` (
  `s_id` char(7) DEFAULT NULL,
  `order` int(11) unsigned NOT NULL AUTO_INCREMENT,
  PRIMARY KEY (`order`)
) ENGINE=InnoDB AUTO_INCREMENT=19 DEFAULT CHARSET=utf8;

-- ----------------------------
-- Records of car201506
-- ----------------------------
INSERT INTO `car201506` VALUES ('2015037', '1');
INSERT INTO `car201506` VALUES ('2015009', '2');
INSERT INTO `car201506` VALUES ('2015028', '3');
INSERT INTO `car201506` VALUES ('2015025', '4');
INSERT INTO `car201506` VALUES ('2015044', '5');
INSERT INTO `car201506` VALUES ('2015025', '6');
INSERT INTO `car201506` VALUES ('2015040', '7');
INSERT INTO `car201506` VALUES ('2015046', '8');
INSERT INTO `car201506` VALUES ('2015014', '9');
INSERT INTO `car201506` VALUES ('2015012', '10');
INSERT INTO `car201506` VALUES ('2015016', '11');
INSERT INTO `car201506` VALUES ('2015024', '12');
INSERT INTO `car201506` VALUES ('2015043', '13');
INSERT INTO `car201506` VALUES ('2015044', '14');
INSERT INTO `car201506` VALUES ('2015033', '15');
INSERT INTO `car201506` VALUES ('2015015', '16');
INSERT INTO `car201506` VALUES ('2015021', '17');
INSERT INTO `car201506` VALUES ('2015032', '18');

-- ----------------------------
-- Table structure for car201507
-- ----------------------------
DROP TABLE IF EXISTS `car201507`;
CREATE TABLE `car201507` (
  `s_id` char(7) DEFAULT NULL,
  `order` int(11) unsigned NOT NULL AUTO_INCREMENT,
  PRIMARY KEY (`order`)
) ENGINE=InnoDB AUTO_INCREMENT=21 DEFAULT CHARSET=utf8;

-- ----------------------------
-- Records of car201507
-- ----------------------------
INSERT INTO `car201507` VALUES ('2015048', '1');
INSERT INTO `car201507` VALUES ('2015039', '2');
INSERT INTO `car201507` VALUES ('2015050', '3');
INSERT INTO `car201507` VALUES ('2015024', '4');
INSERT INTO `car201507` VALUES ('2015049', '5');
INSERT INTO `car201507` VALUES ('2015017', '6');
INSERT INTO `car201507` VALUES ('2015037', '7');
INSERT INTO `car201507` VALUES ('2015038', '8');
INSERT INTO `car201507` VALUES ('2015015', '9');
INSERT INTO `car201507` VALUES ('2015032', '10');
INSERT INTO `car201507` VALUES ('2015033', '11');
INSERT INTO `car201507` VALUES ('2015009', '12');
INSERT INTO `car201507` VALUES ('2015047', '13');
INSERT INTO `car201507` VALUES ('2015001', '14');
INSERT INTO `car201507` VALUES ('2015026', '15');
INSERT INTO `car201507` VALUES ('2015048', '16');
INSERT INTO `car201507` VALUES ('2015045', '17');
INSERT INTO `car201507` VALUES ('2015035', '18');
INSERT INTO `car201507` VALUES ('2015049', '19');
INSERT INTO `car201507` VALUES ('2015016', '20');

-- ----------------------------
-- Table structure for car201508
-- ----------------------------
DROP TABLE IF EXISTS `car201508`;
CREATE TABLE `car201508` (
  `s_id` char(7) DEFAULT NULL,
  `order` int(11) unsigned NOT NULL AUTO_INCREMENT,
  PRIMARY KEY (`order`)
) ENGINE=InnoDB AUTO_INCREMENT=21 DEFAULT CHARSET=utf8;

-- ----------------------------
-- Records of car201508
-- ----------------------------
INSERT INTO `car201508` VALUES ('2015036', '1');
INSERT INTO `car201508` VALUES ('2015011', '2');
INSERT INTO `car201508` VALUES ('2015043', '3');
INSERT INTO `car201508` VALUES ('2015044', '4');
INSERT INTO `car201508` VALUES ('2015002', '5');
INSERT INTO `car201508` VALUES ('2015019', '6');
INSERT INTO `car201508` VALUES ('2015023', '7');
INSERT INTO `car201508` VALUES ('2015030', '8');
INSERT INTO `car201508` VALUES ('2015018', '9');
INSERT INTO `car201508` VALUES ('2015049', '10');
INSERT INTO `car201508` VALUES ('2015023', '11');
INSERT INTO `car201508` VALUES ('2015030', '12');
INSERT INTO `car201508` VALUES ('2015007', '13');
INSERT INTO `car201508` VALUES ('2015013', '14');
INSERT INTO `car201508` VALUES ('2015036', '15');
INSERT INTO `car201508` VALUES ('2015031', '16');
INSERT INTO `car201508` VALUES ('2015007', '17');
INSERT INTO `car201508` VALUES ('2015022', '18');
INSERT INTO `car201508` VALUES ('2015008', '19');
INSERT INTO `car201508` VALUES ('2015049', '20');

-- ----------------------------
-- Table structure for car201509
-- ----------------------------
DROP TABLE IF EXISTS `car201509`;
CREATE TABLE `car201509` (
  `s_id` char(7) DEFAULT NULL,
  `order` int(11) unsigned NOT NULL AUTO_INCREMENT,
  PRIMARY KEY (`order`)
) ENGINE=InnoDB AUTO_INCREMENT=16 DEFAULT CHARSET=utf8;

-- ----------------------------
-- Records of car201509
-- ----------------------------
INSERT INTO `car201509` VALUES ('2015032', '1');
INSERT INTO `car201509` VALUES ('2015006', '2');
INSERT INTO `car201509` VALUES ('2015033', '3');
INSERT INTO `car201509` VALUES ('2015035', '4');
INSERT INTO `car201509` VALUES ('2015048', '5');
INSERT INTO `car201509` VALUES ('2015039', '6');
INSERT INTO `car201509` VALUES ('2015002', '7');
INSERT INTO `car201509` VALUES ('2015003', '8');
INSERT INTO `car201509` VALUES ('2015001', '9');
INSERT INTO `car201509` VALUES ('2015006', '10');
INSERT INTO `car201509` VALUES ('2015048', '11');
INSERT INTO `car201509` VALUES ('2015001', '12');
INSERT INTO `car201509` VALUES ('2015046', '13');
INSERT INTO `car201509` VALUES ('2015005', '14');
INSERT INTO `car201509` VALUES ('2015037', '15');

-- ----------------------------
-- Table structure for car201510
-- ----------------------------
DROP TABLE IF EXISTS `car201510`;
CREATE TABLE `car201510` (
  `s_id` char(7) DEFAULT NULL,
  `order` int(11) unsigned NOT NULL AUTO_INCREMENT,
  PRIMARY KEY (`order`)
) ENGINE=InnoDB AUTO_INCREMENT=17 DEFAULT CHARSET=utf8;

-- ----------------------------
-- Records of car201510
-- ----------------------------
INSERT INTO `car201510` VALUES ('2015006', '1');
INSERT INTO `car201510` VALUES ('2015043', '2');
INSERT INTO `car201510` VALUES ('2015008', '3');
INSERT INTO `car201510` VALUES ('2015036', '4');
INSERT INTO `car201510` VALUES ('2015034', '5');
INSERT INTO `car201510` VALUES ('2015037', '6');
INSERT INTO `car201510` VALUES ('2015018', '7');
INSERT INTO `car201510` VALUES ('2015033', '8');
INSERT INTO `car201510` VALUES ('2015050', '9');
INSERT INTO `car201510` VALUES ('2015034', '10');
INSERT INTO `car201510` VALUES ('2015035', '11');
INSERT INTO `car201510` VALUES ('2015011', '12');
INSERT INTO `car201510` VALUES ('2015048', '13');
INSERT INTO `car201510` VALUES ('2015001', '14');
INSERT INTO `car201510` VALUES ('2015004', '15');
INSERT INTO `car201510` VALUES ('2015009', '16');

-- ----------------------------
-- Table structure for car201511
-- ----------------------------
DROP TABLE IF EXISTS `car201511`;
CREATE TABLE `car201511` (
  `s_id` char(7) DEFAULT NULL,
  `order` int(11) unsigned NOT NULL AUTO_INCREMENT,
  PRIMARY KEY (`order`)
) ENGINE=InnoDB AUTO_INCREMENT=13 DEFAULT CHARSET=utf8;

-- ----------------------------
-- Records of car201511
-- ----------------------------
INSERT INTO `car201511` VALUES ('2015047', '1');
INSERT INTO `car201511` VALUES ('2015018', '2');
INSERT INTO `car201511` VALUES ('2015012', '3');
INSERT INTO `car201511` VALUES ('2015017', '4');
INSERT INTO `car201511` VALUES ('2015004', '5');
INSERT INTO `car201511` VALUES ('2015017', '6');
INSERT INTO `car201511` VALUES ('2015040', '7');
INSERT INTO `car201511` VALUES ('2015026', '8');
INSERT INTO `car201511` VALUES ('2015030', '9');
INSERT INTO `car201511` VALUES ('2015050', '10');
INSERT INTO `car201511` VALUES ('2015027', '11');
INSERT INTO `car201511` VALUES ('2015037', '12');

-- ----------------------------
-- Table structure for car201512
-- ----------------------------
DROP TABLE IF EXISTS `car201512`;
CREATE TABLE `car201512` (
  `s_id` char(7) DEFAULT NULL,
  `order` int(11) unsigned NOT NULL AUTO_INCREMENT,
  PRIMARY KEY (`order`)
) ENGINE=InnoDB AUTO_INCREMENT=14 DEFAULT CHARSET=utf8;

-- ----------------------------
-- Records of car201512
-- ----------------------------
INSERT INTO `car201512` VALUES ('2015046', '1');
INSERT INTO `car201512` VALUES ('2015011', '2');
INSERT INTO `car201512` VALUES ('2015034', '3');
INSERT INTO `car201512` VALUES ('2015027', '4');
INSERT INTO `car201512` VALUES ('2015008', '5');
INSERT INTO `car201512` VALUES ('2015035', '6');
INSERT INTO `car201512` VALUES ('2015001', '7');
INSERT INTO `car201512` VALUES ('2015007', '8');
INSERT INTO `car201512` VALUES ('2015014', '9');
INSERT INTO `car201512` VALUES ('2015029', '10');
INSERT INTO `car201512` VALUES ('2015006', '11');
INSERT INTO `car201512` VALUES ('2015042', '12');
INSERT INTO `car201512` VALUES ('2015031', '13');

-- ----------------------------
-- Table structure for car201513
-- ----------------------------
DROP TABLE IF EXISTS `car201513`;
CREATE TABLE `car201513` (
  `s_id` char(7) DEFAULT NULL,
  `order` int(11) unsigned NOT NULL AUTO_INCREMENT,
  PRIMARY KEY (`order`)
) ENGINE=InnoDB AUTO_INCREMENT=16 DEFAULT CHARSET=utf8;

-- ----------------------------
-- Records of car201513
-- ----------------------------
INSERT INTO `car201513` VALUES ('2015014', '1');
INSERT INTO `car201513` VALUES ('2015030', '2');
INSERT INTO `car201513` VALUES ('2015021', '3');
INSERT INTO `car201513` VALUES ('2015007', '4');
INSERT INTO `car201513` VALUES ('2015021', '5');
INSERT INTO `car201513` VALUES ('2015032', '6');
INSERT INTO `car201513` VALUES ('2015039', '7');
INSERT INTO `car201513` VALUES ('2015015', '8');
INSERT INTO `car201513` VALUES ('2015027', '9');
INSERT INTO `car201513` VALUES ('2015049', '10');
INSERT INTO `car201513` VALUES ('2015001', '11');
INSERT INTO `car201513` VALUES ('2015022', '12');
INSERT INTO `car201513` VALUES ('2015016', '13');
INSERT INTO `car201513` VALUES ('2015009', '14');
INSERT INTO `car201513` VALUES ('2015020', '15');

-- ----------------------------
-- Table structure for car201514
-- ----------------------------
DROP TABLE IF EXISTS `car201514`;
CREATE TABLE `car201514` (
  `s_id` char(7) DEFAULT NULL,
  `order` int(11) unsigned NOT NULL AUTO_INCREMENT,
  PRIMARY KEY (`order`)
) ENGINE=InnoDB AUTO_INCREMENT=21 DEFAULT CHARSET=utf8;

-- ----------------------------
-- Records of car201514
-- ----------------------------
INSERT INTO `car201514` VALUES ('2015022', '1');
INSERT INTO `car201514` VALUES ('2015048', '2');
INSERT INTO `car201514` VALUES ('2015004', '3');
INSERT INTO `car201514` VALUES ('2015048', '4');
INSERT INTO `car201514` VALUES ('2015011', '5');
INSERT INTO `car201514` VALUES ('2015041', '6');
INSERT INTO `car201514` VALUES ('2015017', '7');
INSERT INTO `car201514` VALUES ('2015005', '8');
INSERT INTO `car201514` VALUES ('2015039', '9');
INSERT INTO `car201514` VALUES ('2015031', '10');
INSERT INTO `car201514` VALUES ('2015004', '11');
INSERT INTO `car201514` VALUES ('2015027', '12');
INSERT INTO `car201514` VALUES ('2015038', '13');
INSERT INTO `car201514` VALUES ('2015040', '14');
INSERT INTO `car201514` VALUES ('2015001', '15');
INSERT INTO `car201514` VALUES ('2015040', '16');
INSERT INTO `car201514` VALUES ('2015028', '17');
INSERT INTO `car201514` VALUES ('2015018', '18');
INSERT INTO `car201514` VALUES ('2015007', '19');
INSERT INTO `car201514` VALUES ('2015043', '20');

-- ----------------------------
-- Table structure for car201515
-- ----------------------------
DROP TABLE IF EXISTS `car201515`;
CREATE TABLE `car201515` (
  `s_id` char(7) DEFAULT NULL,
  `order` int(11) unsigned NOT NULL AUTO_INCREMENT,
  PRIMARY KEY (`order`)
) ENGINE=InnoDB AUTO_INCREMENT=16 DEFAULT CHARSET=utf8;

-- ----------------------------
-- Records of car201515
-- ----------------------------
INSERT INTO `car201515` VALUES ('2015023', '1');
INSERT INTO `car201515` VALUES ('2015044', '2');
INSERT INTO `car201515` VALUES ('2015030', '3');
INSERT INTO `car201515` VALUES ('2015045', '4');
INSERT INTO `car201515` VALUES ('2015040', '5');
INSERT INTO `car201515` VALUES ('2015015', '6');
INSERT INTO `car201515` VALUES ('2015032', '7');
INSERT INTO `car201515` VALUES ('2015026', '8');
INSERT INTO `car201515` VALUES ('2015019', '9');
INSERT INTO `car201515` VALUES ('2015012', '10');
INSERT INTO `car201515` VALUES ('2015023', '11');
INSERT INTO `car201515` VALUES ('2015017', '12');
INSERT INTO `car201515` VALUES ('2015044', '13');
INSERT INTO `car201515` VALUES ('2015022', '14');
INSERT INTO `car201515` VALUES ('2015032', '15');

-- ----------------------------
-- Table structure for car201516
-- ----------------------------
DROP TABLE IF EXISTS `car201516`;
CREATE TABLE `car201516` (
  `s_id` char(7) DEFAULT NULL,
  `order` int(11) unsigned NOT NULL AUTO_INCREMENT,
  PRIMARY KEY (`order`)
) ENGINE=InnoDB AUTO_INCREMENT=15 DEFAULT CHARSET=utf8;

-- ----------------------------
-- Records of car201516
-- ----------------------------
INSERT INTO `car201516` VALUES ('2015046', '1');
INSERT INTO `car201516` VALUES ('2015002', '2');
INSERT INTO `car201516` VALUES ('2015019', '3');
INSERT INTO `car201516` VALUES ('2015045', '4');
INSERT INTO `car201516` VALUES ('2015046', '5');
INSERT INTO `car201516` VALUES ('2015020', '6');
INSERT INTO `car201516` VALUES ('2015011', '7');
INSERT INTO `car201516` VALUES ('2015042', '8');
INSERT INTO `car201516` VALUES ('2015023', '9');
INSERT INTO `car201516` VALUES ('2015020', '10');
INSERT INTO `car201516` VALUES ('2015040', '11');
INSERT INTO `car201516` VALUES ('2015016', '12');
INSERT INTO `car201516` VALUES ('2015016', '13');
INSERT INTO `car201516` VALUES ('2015039', '14');

-- ----------------------------
-- Table structure for car201517
-- ----------------------------
DROP TABLE IF EXISTS `car201517`;
CREATE TABLE `car201517` (
  `s_id` char(7) DEFAULT NULL,
  `order` int(11) unsigned NOT NULL AUTO_INCREMENT,
  PRIMARY KEY (`order`)
) ENGINE=InnoDB AUTO_INCREMENT=16 DEFAULT CHARSET=utf8;

-- ----------------------------
-- Records of car201517
-- ----------------------------
INSERT INTO `car201517` VALUES ('2015003', '1');
INSERT INTO `car201517` VALUES ('2015008', '2');
INSERT INTO `car201517` VALUES ('2015012', '3');
INSERT INTO `car201517` VALUES ('2015009', '4');
INSERT INTO `car201517` VALUES ('2015006', '5');
INSERT INTO `car201517` VALUES ('2015017', '6');
INSERT INTO `car201517` VALUES ('2015001', '7');
INSERT INTO `car201517` VALUES ('2015003', '8');
INSERT INTO `car201517` VALUES ('2015001', '9');
INSERT INTO `car201517` VALUES ('2015019', '10');
INSERT INTO `car201517` VALUES ('2015011', '11');
INSERT INTO `car201517` VALUES ('2015035', '12');
INSERT INTO `car201517` VALUES ('2015026', '13');
INSERT INTO `car201517` VALUES ('2015032', '14');
INSERT INTO `car201517` VALUES ('2015044', '15');

-- ----------------------------
-- Table structure for car201518
-- ----------------------------
DROP TABLE IF EXISTS `car201518`;
CREATE TABLE `car201518` (
  `s_id` char(7) DEFAULT NULL,
  `order` int(11) unsigned NOT NULL AUTO_INCREMENT,
  PRIMARY KEY (`order`)
) ENGINE=InnoDB AUTO_INCREMENT=19 DEFAULT CHARSET=utf8;

-- ----------------------------
-- Records of car201518
-- ----------------------------
INSERT INTO `car201518` VALUES ('2015012', '1');
INSERT INTO `car201518` VALUES ('2015015', '2');
INSERT INTO `car201518` VALUES ('2015031', '3');
INSERT INTO `car201518` VALUES ('2015002', '4');
INSERT INTO `car201518` VALUES ('2015013', '5');
INSERT INTO `car201518` VALUES ('2015003', '6');
INSERT INTO `car201518` VALUES ('2015033', '7');
INSERT INTO `car201518` VALUES ('2015009', '8');
INSERT INTO `car201518` VALUES ('2015034', '9');
INSERT INTO `car201518` VALUES ('2015029', '10');
INSERT INTO `car201518` VALUES ('2015004', '11');
INSERT INTO `car201518` VALUES ('2015034', '12');
INSERT INTO `car201518` VALUES ('2015043', '13');
INSERT INTO `car201518` VALUES ('2015030', '14');
INSERT INTO `car201518` VALUES ('2015022', '15');
INSERT INTO `car201518` VALUES ('2015044', '16');
INSERT INTO `car201518` VALUES ('2015039', '17');
INSERT INTO `car201518` VALUES ('2015032', '18');

-- ----------------------------
-- Table structure for car201519
-- ----------------------------
DROP TABLE IF EXISTS `car201519`;
CREATE TABLE `car201519` (
  `s_id` char(7) DEFAULT NULL,
  `order` int(11) unsigned NOT NULL AUTO_INCREMENT,
  PRIMARY KEY (`order`)
) ENGINE=InnoDB AUTO_INCREMENT=15 DEFAULT CHARSET=utf8;

-- ----------------------------
-- Records of car201519
-- ----------------------------
INSERT INTO `car201519` VALUES ('2015045', '1');
INSERT INTO `car201519` VALUES ('2015006', '2');
INSERT INTO `car201519` VALUES ('2015028', '3');
INSERT INTO `car201519` VALUES ('2015015', '4');
INSERT INTO `car201519` VALUES ('2015010', '5');
INSERT INTO `car201519` VALUES ('2015012', '6');
INSERT INTO `car201519` VALUES ('2015023', '7');
INSERT INTO `car201519` VALUES ('2015028', '8');
INSERT INTO `car201519` VALUES ('2015033', '9');
INSERT INTO `car201519` VALUES ('2015025', '10');
INSERT INTO `car201519` VALUES ('2015015', '11');
INSERT INTO `car201519` VALUES ('2015014', '12');
INSERT INTO `car201519` VALUES ('2015024', '13');
INSERT INTO `car201519` VALUES ('2015038', '14');

-- ----------------------------
-- Table structure for car201520
-- ----------------------------
DROP TABLE IF EXISTS `car201520`;
CREATE TABLE `car201520` (
  `s_id` char(7) DEFAULT NULL,
  `order` int(11) unsigned NOT NULL AUTO_INCREMENT,
  PRIMARY KEY (`order`)
) ENGINE=InnoDB AUTO_INCREMENT=16 DEFAULT CHARSET=utf8;

-- ----------------------------
-- Records of car201520
-- ----------------------------
INSERT INTO `car201520` VALUES ('2015050', '1');
INSERT INTO `car201520` VALUES ('2015010', '2');
INSERT INTO `car201520` VALUES ('2015045', '3');
INSERT INTO `car201520` VALUES ('2015005', '4');
INSERT INTO `car201520` VALUES ('2015037', '5');
INSERT INTO `car201520` VALUES ('2015049', '6');
INSERT INTO `car201520` VALUES ('2015042', '7');
INSERT INTO `car201520` VALUES ('2015024', '8');
INSERT INTO `car201520` VALUES ('2015017', '9');
INSERT INTO `car201520` VALUES ('2015031', '10');
INSERT INTO `car201520` VALUES ('2015003', '11');
INSERT INTO `car201520` VALUES ('2015005', '12');
INSERT INTO `car201520` VALUES ('2015010', '13');
INSERT INTO `car201520` VALUES ('2015032', '14');
INSERT INTO `car201520` VALUES ('2015022', '15');

-- ----------------------------
-- Table structure for car201521
-- ----------------------------
DROP TABLE IF EXISTS `car201521`;
CREATE TABLE `car201521` (
  `s_id` char(7) DEFAULT NULL,
  `order` int(11) unsigned NOT NULL AUTO_INCREMENT,
  PRIMARY KEY (`order`)
) ENGINE=InnoDB AUTO_INCREMENT=19 DEFAULT CHARSET=utf8;

-- ----------------------------
-- Records of car201521
-- ----------------------------
INSERT INTO `car201521` VALUES ('2015032', '1');
INSERT INTO `car201521` VALUES ('2015003', '2');
INSERT INTO `car201521` VALUES ('2015017', '3');
INSERT INTO `car201521` VALUES ('2015017', '4');
INSERT INTO `car201521` VALUES ('2015031', '5');
INSERT INTO `car201521` VALUES ('2015039', '6');
INSERT INTO `car201521` VALUES ('2015011', '7');
INSERT INTO `car201521` VALUES ('2015049', '8');
INSERT INTO `car201521` VALUES ('2015024', '9');
INSERT INTO `car201521` VALUES ('2015012', '10');
INSERT INTO `car201521` VALUES ('2015046', '11');
INSERT INTO `car201521` VALUES ('2015011', '12');
INSERT INTO `car201521` VALUES ('2015005', '13');
INSERT INTO `car201521` VALUES ('2015003', '14');
INSERT INTO `car201521` VALUES ('2015018', '15');
INSERT INTO `car201521` VALUES ('2015001', '16');
INSERT INTO `car201521` VALUES ('2015030', '17');
INSERT INTO `car201521` VALUES ('2015018', '18');

-- ----------------------------
-- Table structure for car201522
-- ----------------------------
DROP TABLE IF EXISTS `car201522`;
CREATE TABLE `car201522` (
  `s_id` char(7) DEFAULT NULL,
  `order` int(11) unsigned NOT NULL AUTO_INCREMENT,
  PRIMARY KEY (`order`)
) ENGINE=InnoDB AUTO_INCREMENT=14 DEFAULT CHARSET=utf8;

-- ----------------------------
-- Records of car201522
-- ----------------------------
INSERT INTO `car201522` VALUES ('2015005', '1');
INSERT INTO `car201522` VALUES ('2015013', '2');
INSERT INTO `car201522` VALUES ('2015030', '3');
INSERT INTO `car201522` VALUES ('2015018', '4');
INSERT INTO `car201522` VALUES ('2015006', '5');
INSERT INTO `car201522` VALUES ('2015046', '6');
INSERT INTO `car201522` VALUES ('2015036', '7');
INSERT INTO `car201522` VALUES ('2015009', '8');
INSERT INTO `car201522` VALUES ('2015036', '9');
INSERT INTO `car201522` VALUES ('2015042', '10');
INSERT INTO `car201522` VALUES ('2015036', '11');
INSERT INTO `car201522` VALUES ('2015018', '12');
INSERT INTO `car201522` VALUES ('2015021', '13');

-- ----------------------------
-- Table structure for car201523
-- ----------------------------
DROP TABLE IF EXISTS `car201523`;
CREATE TABLE `car201523` (
  `s_id` char(7) DEFAULT NULL,
  `order` int(11) unsigned NOT NULL AUTO_INCREMENT,
  PRIMARY KEY (`order`)
) ENGINE=InnoDB AUTO_INCREMENT=21 DEFAULT CHARSET=utf8;

-- ----------------------------
-- Records of car201523
-- ----------------------------
INSERT INTO `car201523` VALUES ('2015022', '1');
INSERT INTO `car201523` VALUES ('2015015', '2');
INSERT INTO `car201523` VALUES ('2015034', '3');
INSERT INTO `car201523` VALUES ('2015004', '4');
INSERT INTO `car201523` VALUES ('2015007', '5');
INSERT INTO `car201523` VALUES ('2015043', '6');
INSERT INTO `car201523` VALUES ('2015028', '7');
INSERT INTO `car201523` VALUES ('2015029', '8');
INSERT INTO `car201523` VALUES ('2015017', '9');
INSERT INTO `car201523` VALUES ('2015037', '10');
INSERT INTO `car201523` VALUES ('2015015', '11');
INSERT INTO `car201523` VALUES ('2015010', '12');
INSERT INTO `car201523` VALUES ('2015014', '13');
INSERT INTO `car201523` VALUES ('2015038', '14');
INSERT INTO `car201523` VALUES ('2015021', '15');
INSERT INTO `car201523` VALUES ('2015019', '16');
INSERT INTO `car201523` VALUES ('2015032', '17');
INSERT INTO `car201523` VALUES ('2015011', '18');
INSERT INTO `car201523` VALUES ('2015015', '19');
INSERT INTO `car201523` VALUES ('2015047', '20');

-- ----------------------------
-- Table structure for car201524
-- ----------------------------
DROP TABLE IF EXISTS `car201524`;
CREATE TABLE `car201524` (
  `s_id` char(7) DEFAULT NULL,
  `order` int(11) unsigned NOT NULL AUTO_INCREMENT,
  PRIMARY KEY (`order`)
) ENGINE=InnoDB AUTO_INCREMENT=21 DEFAULT CHARSET=utf8;

-- ----------------------------
-- Records of car201524
-- ----------------------------
INSERT INTO `car201524` VALUES ('2015008', '1');
INSERT INTO `car201524` VALUES ('2015015', '2');
INSERT INTO `car201524` VALUES ('2015028', '3');
INSERT INTO `car201524` VALUES ('2015012', '4');
INSERT INTO `car201524` VALUES ('2015007', '5');
INSERT INTO `car201524` VALUES ('2015024', '6');
INSERT INTO `car201524` VALUES ('2015041', '7');
INSERT INTO `car201524` VALUES ('2015048', '8');
INSERT INTO `car201524` VALUES ('2015022', '9');
INSERT INTO `car201524` VALUES ('2015041', '10');
INSERT INTO `car201524` VALUES ('2015026', '11');
INSERT INTO `car201524` VALUES ('2015025', '12');
INSERT INTO `car201524` VALUES ('2015013', '13');
INSERT INTO `car201524` VALUES ('2015001', '14');
INSERT INTO `car201524` VALUES ('2015046', '15');
INSERT INTO `car201524` VALUES ('2015002', '16');
INSERT INTO `car201524` VALUES ('2015024', '17');
INSERT INTO `car201524` VALUES ('2015016', '18');
INSERT INTO `car201524` VALUES ('2015040', '19');
INSERT INTO `car201524` VALUES ('2015004', '20');

-- ----------------------------
-- Table structure for car201525
-- ----------------------------
DROP TABLE IF EXISTS `car201525`;
CREATE TABLE `car201525` (
  `s_id` char(7) DEFAULT NULL,
  `order` int(11) unsigned NOT NULL AUTO_INCREMENT,
  PRIMARY KEY (`order`)
) ENGINE=InnoDB AUTO_INCREMENT=15 DEFAULT CHARSET=utf8;

-- ----------------------------
-- Records of car201525
-- ----------------------------
INSERT INTO `car201525` VALUES ('2015019', '1');
INSERT INTO `car201525` VALUES ('2015048', '2');
INSERT INTO `car201525` VALUES ('2015013', '3');
INSERT INTO `car201525` VALUES ('2015003', '4');
INSERT INTO `car201525` VALUES ('2015046', '5');
INSERT INTO `car201525` VALUES ('2015013', '6');
INSERT INTO `car201525` VALUES ('2015047', '7');
INSERT INTO `car201525` VALUES ('2015009', '8');
INSERT INTO `car201525` VALUES ('2015036', '9');
INSERT INTO `car201525` VALUES ('2015010', '10');
INSERT INTO `car201525` VALUES ('2015042', '11');
INSERT INTO `car201525` VALUES ('2015032', '12');
INSERT INTO `car201525` VALUES ('2015010', '13');
INSERT INTO `car201525` VALUES ('2015002', '14');

-- ----------------------------
-- Table structure for car201526
-- ----------------------------
DROP TABLE IF EXISTS `car201526`;
CREATE TABLE `car201526` (
  `s_id` char(7) DEFAULT NULL,
  `order` int(11) unsigned NOT NULL AUTO_INCREMENT,
  PRIMARY KEY (`order`)
) ENGINE=InnoDB AUTO_INCREMENT=20 DEFAULT CHARSET=utf8;

-- ----------------------------
-- Records of car201526
-- ----------------------------
INSERT INTO `car201526` VALUES ('2015045', '1');
INSERT INTO `car201526` VALUES ('2015008', '2');
INSERT INTO `car201526` VALUES ('2015023', '3');
INSERT INTO `car201526` VALUES ('2015003', '4');
INSERT INTO `car201526` VALUES ('2015015', '5');
INSERT INTO `car201526` VALUES ('2015004', '6');
INSERT INTO `car201526` VALUES ('2015031', '7');
INSERT INTO `car201526` VALUES ('2015041', '8');
INSERT INTO `car201526` VALUES ('2015014', '9');
INSERT INTO `car201526` VALUES ('2015039', '10');
INSERT INTO `car201526` VALUES ('2015011', '11');
INSERT INTO `car201526` VALUES ('2015030', '12');
INSERT INTO `car201526` VALUES ('2015029', '13');
INSERT INTO `car201526` VALUES ('2015033', '14');
INSERT INTO `car201526` VALUES ('2015014', '15');
INSERT INTO `car201526` VALUES ('2015019', '16');
INSERT INTO `car201526` VALUES ('2015034', '17');
INSERT INTO `car201526` VALUES ('2015045', '18');
INSERT INTO `car201526` VALUES ('2015025', '19');

-- ----------------------------
-- Table structure for car201527
-- ----------------------------
DROP TABLE IF EXISTS `car201527`;
CREATE TABLE `car201527` (
  `s_id` char(7) DEFAULT NULL,
  `order` int(11) unsigned NOT NULL AUTO_INCREMENT,
  PRIMARY KEY (`order`)
) ENGINE=InnoDB AUTO_INCREMENT=17 DEFAULT CHARSET=utf8;

-- ----------------------------
-- Records of car201527
-- ----------------------------
INSERT INTO `car201527` VALUES ('2015005', '1');
INSERT INTO `car201527` VALUES ('2015002', '2');
INSERT INTO `car201527` VALUES ('2015035', '3');
INSERT INTO `car201527` VALUES ('2015033', '4');
INSERT INTO `car201527` VALUES ('2015050', '5');
INSERT INTO `car201527` VALUES ('2015036', '6');
INSERT INTO `car201527` VALUES ('2015004', '7');
INSERT INTO `car201527` VALUES ('2015003', '8');
INSERT INTO `car201527` VALUES ('2015032', '9');
INSERT INTO `car201527` VALUES ('2015006', '10');
INSERT INTO `car201527` VALUES ('2015016', '11');
INSERT INTO `car201527` VALUES ('2015019', '12');
INSERT INTO `car201527` VALUES ('2015012', '13');
INSERT INTO `car201527` VALUES ('2015004', '14');
INSERT INTO `car201527` VALUES ('2015021', '15');
INSERT INTO `car201527` VALUES ('2015040', '16');

-- ----------------------------
-- Table structure for car201528
-- ----------------------------
DROP TABLE IF EXISTS `car201528`;
CREATE TABLE `car201528` (
  `s_id` char(7) DEFAULT NULL,
  `order` int(11) unsigned NOT NULL AUTO_INCREMENT,
  PRIMARY KEY (`order`)
) ENGINE=InnoDB AUTO_INCREMENT=20 DEFAULT CHARSET=utf8;

-- ----------------------------
-- Records of car201528
-- ----------------------------
INSERT INTO `car201528` VALUES ('2015002', '1');
INSERT INTO `car201528` VALUES ('2015050', '2');
INSERT INTO `car201528` VALUES ('2015039', '3');
INSERT INTO `car201528` VALUES ('2015020', '4');
INSERT INTO `car201528` VALUES ('2015017', '5');
INSERT INTO `car201528` VALUES ('2015002', '6');
INSERT INTO `car201528` VALUES ('2015031', '7');
INSERT INTO `car201528` VALUES ('2015043', '8');
INSERT INTO `car201528` VALUES ('2015003', '9');
INSERT INTO `car201528` VALUES ('2015044', '10');
INSERT INTO `car201528` VALUES ('2015038', '11');
INSERT INTO `car201528` VALUES ('2015050', '12');
INSERT INTO `car201528` VALUES ('2015038', '13');
INSERT INTO `car201528` VALUES ('2015019', '14');
INSERT INTO `car201528` VALUES ('2015029', '15');
INSERT INTO `car201528` VALUES ('2015002', '16');
INSERT INTO `car201528` VALUES ('2015026', '17');
INSERT INTO `car201528` VALUES ('2015028', '18');
INSERT INTO `car201528` VALUES ('2015024', '19');

-- ----------------------------
-- Table structure for car201529
-- ----------------------------
DROP TABLE IF EXISTS `car201529`;
CREATE TABLE `car201529` (
  `s_id` char(7) DEFAULT NULL,
  `order` int(11) unsigned NOT NULL AUTO_INCREMENT,
  PRIMARY KEY (`order`)
) ENGINE=InnoDB AUTO_INCREMENT=21 DEFAULT CHARSET=utf8;

-- ----------------------------
-- Records of car201529
-- ----------------------------
INSERT INTO `car201529` VALUES ('2015005', '1');
INSERT INTO `car201529` VALUES ('2015020', '2');
INSERT INTO `car201529` VALUES ('2015037', '3');
INSERT INTO `car201529` VALUES ('2015030', '4');
INSERT INTO `car201529` VALUES ('2015025', '5');
INSERT INTO `car201529` VALUES ('2015047', '6');
INSERT INTO `car201529` VALUES ('2015036', '7');
INSERT INTO `car201529` VALUES ('2015028', '8');
INSERT INTO `car201529` VALUES ('2015004', '9');
INSERT INTO `car201529` VALUES ('2015016', '10');
INSERT INTO `car201529` VALUES ('2015021', '11');
INSERT INTO `car201529` VALUES ('2015004', '12');
INSERT INTO `car201529` VALUES ('2015021', '13');
INSERT INTO `car201529` VALUES ('2015023', '14');
INSERT INTO `car201529` VALUES ('2015032', '15');
INSERT INTO `car201529` VALUES ('2015014', '16');
INSERT INTO `car201529` VALUES ('2015049', '17');
INSERT INTO `car201529` VALUES ('2015028', '18');
INSERT INTO `car201529` VALUES ('2015049', '19');
INSERT INTO `car201529` VALUES ('2015027', '20');

-- ----------------------------
-- Table structure for car201530
-- ----------------------------
DROP TABLE IF EXISTS `car201530`;
CREATE TABLE `car201530` (
  `s_id` char(7) DEFAULT NULL,
  `order` int(11) unsigned NOT NULL AUTO_INCREMENT,
  PRIMARY KEY (`order`)
) ENGINE=InnoDB AUTO_INCREMENT=13 DEFAULT CHARSET=utf8;

-- ----------------------------
-- Records of car201530
-- ----------------------------
INSERT INTO `car201530` VALUES ('2015026', '1');
INSERT INTO `car201530` VALUES ('2015012', '2');
INSERT INTO `car201530` VALUES ('2015001', '3');
INSERT INTO `car201530` VALUES ('2015030', '4');
INSERT INTO `car201530` VALUES ('2015020', '5');
INSERT INTO `car201530` VALUES ('2015042', '6');
INSERT INTO `car201530` VALUES ('2015012', '7');
INSERT INTO `car201530` VALUES ('2015025', '8');
INSERT INTO `car201530` VALUES ('2015009', '9');
INSERT INTO `car201530` VALUES ('2015022', '10');
INSERT INTO `car201530` VALUES ('2015020', '11');
INSERT INTO `car201530` VALUES ('2015016', '12');

-- ----------------------------
-- Table structure for car_information
-- ----------------------------
DROP TABLE IF EXISTS `car_information`;
CREATE TABLE `car_information` (
  `c_id` int(6) NOT NULL,
  `c_brand` varchar(30) NOT NULL,
  `c_seat` int(11) NOT NULL,
  `c_logon` date NOT NULL,
  `c_dated` date DEFAULT NULL,
  `c_license` char(18) DEFAULT NULL,
  `c_driving-license` varchar(10) DEFAULT NULL,
  PRIMARY KEY (`c_id`)
) ENGINE=InnoDB DEFAULT CHARSET=utf8;

-- ----------------------------
-- Records of car_information
-- ----------------------------
INSERT INTO `car_information` VALUES ('201501', '中通', '24', '2013-04-23', '2019-04-23', '326724197411035169', '浙A80169');
INSERT INTO `car_information` VALUES ('201502', '安凯', '30', '2012-03-27', '2018-03-27', '282044198111203274', '浙A79727');
INSERT INTO `car_information` VALUES ('201503', '宇通', '28', '2011-06-23', '2017-06-23', '275307198006203758', '浙A81523');
INSERT INTO `car_information` VALUES ('201504', '安凯', '36', '2014-09-16', '2020-09-16', '306704198303064243', '浙A73227');
INSERT INTO `car_information` VALUES ('201505', '金旅', '36', '2013-06-20', '2019-06-20', '286720198503234365', '浙A44040');
INSERT INTO `car_information` VALUES ('201506', '中通', '24', '2012-09-17', '2018-09-17', '327863198704064746', '浙A54290');
INSERT INTO `car_information` VALUES ('201507', '中通', '20', '2013-11-12', '2019-11-12', '290866198003203626', '浙A68356');
INSERT INTO `car_information` VALUES ('201508', '金旅', '24', '2013-02-11', '2019-02-11', '284354197411194850', '浙A72747');
INSERT INTO `car_information` VALUES ('201509', '金龙', '28', '2012-03-01', '2018-03-01', '258758198107255613', '浙A42043');
INSERT INTO `car_information` VALUES ('201510', '安凯', '30', '2012-10-17', '2018-10-17', '270983198405284266', '浙A39375');
INSERT INTO `car_information` VALUES ('201511', '安凯', '40', '2012-09-07', '2018-09-07', '319188198605135249', '浙A42890');
INSERT INTO `car_information` VALUES ('201512', '金龙', '28', '2013-12-11', '2019-12-11', '283091198402093814', '浙A49619');
INSERT INTO `car_information` VALUES ('201513', '中通', '28', '2011-10-02', '2017-10-02', '303549198312013881', '浙A64776');
INSERT INTO `car_information` VALUES ('201514', '金龙', '28', '2012-09-22', '2018-09-22', '318831198403244760', '浙A84581');
INSERT INTO `car_information` VALUES ('201515', '金龙', '36', '2014-11-20', '2020-11-20', '296673197802233758', '浙A75032');
INSERT INTO `car_information` VALUES ('201516', '金旅', '24', '2013-08-20', '2019-08-20', '334694198003013140', '浙A61977');
INSERT INTO `car_information` VALUES ('201517', '金龙', '20', '2011-03-20', '2017-03-20', '335374198605273380', '浙A72307');
INSERT INTO `car_information` VALUES ('201518', '金龙', '24', '2013-08-18', '2019-08-18', '275465197604255153', '浙A62436');
INSERT INTO `car_information` VALUES ('201519', '中通', '20', '2013-10-12', '2019-10-12', '254528198605014961', '浙A58569');
INSERT INTO `car_information` VALUES ('201520', '金龙', '20', '2012-07-19', '2018-07-19', '270832198412044213', '浙A40253');
INSERT INTO `car_information` VALUES ('201521', '中通', '36', '2012-05-03', '2018-05-03', '298219198610213808', '浙A38931');
INSERT INTO `car_information` VALUES ('201522', '安凯', '30', '2012-09-26', '2018-09-26', '259538197402255025', '浙A79593');
INSERT INTO `car_information` VALUES ('201523', '安凯', '36', '2011-10-12', '2017-10-12', '320886197403064585', '浙A61430');
INSERT INTO `car_information` VALUES ('201524', '宇通', '24', '2014-08-27', '2020-08-27', '269473198705223910', '浙A56427');
INSERT INTO `car_information` VALUES ('201525', '安凯', '24', '2011-09-11', '2017-09-11', '256546198205043352', '浙A62906');
INSERT INTO `car_information` VALUES ('201526', '金龙', '40', '2012-04-25', '2018-04-25', '263798198409193876', '浙A84537');
INSERT INTO `car_information` VALUES ('201527', '宇通', '24', '2014-09-09', '2020-09-09', '277747198501063317', '浙A62213');
INSERT INTO `car_information` VALUES ('201528', '宇通', '30', '2014-02-02', '2020-02-02', '288952198712115051', '浙A47974');
INSERT INTO `car_information` VALUES ('201529', '中通', '28', '2012-10-27', '2018-10-27', '321244198201264459', '浙A85004');
INSERT INTO `car_information` VALUES ('201530', '中通', '24', '2013-04-09', '2019-04-09', '287989197811014418', '浙A67406');

-- ----------------------------
-- Table structure for class_time
-- ----------------------------
DROP TABLE IF EXISTS `class_time`;
CREATE TABLE `class_time` (
  `b_id` int(11) unsigned NOT NULL AUTO_INCREMENT,
  `on_time` time DEFAULT NULL,
  `off_time` time DEFAULT NULL,
  PRIMARY KEY (`b_id`)
) ENGINE=InnoDB AUTO_INCREMENT=4 DEFAULT CHARSET=utf8;

-- ----------------------------
-- Records of class_time
-- ----------------------------
INSERT INTO `class_time` VALUES ('1', '08:00:00', '11:20:00');
INSERT INTO `class_time` VALUES ('2', '13:30:00', '16:20:00');
INSERT INTO `class_time` VALUES ('3', '19:30:00', '23:00:00');

-- ----------------------------
-- Table structure for depart_information
-- ----------------------------
DROP TABLE IF EXISTS `depart_information`;
CREATE TABLE `depart_information` (
  `d_id` char(9) NOT NULL,
  `c_id` char(6) NOT NULL,
  `direction` int(11) DEFAULT NULL,
  `b_id` int(11) DEFAULT NULL,
  `d_time` time DEFAULT NULL,
  PRIMARY KEY (`d_id`)
) ENGINE=InnoDB DEFAULT CHARSET=utf8;

-- ----------------------------
-- Records of depart_information
-- ----------------------------
INSERT INTO `depart_information` VALUES ('201501001', '201501', '0', '1', '07:55:36');
INSERT INTO `depart_information` VALUES ('201501002', '201501', '0', '2', '15:55:12');
INSERT INTO `depart_information` VALUES ('201501003', '201501', '0', '3', '23:31:54');
INSERT INTO `depart_information` VALUES ('201501004', '201501', '1', '1', '07:08:21');
INSERT INTO `depart_information` VALUES ('201501005', '201501', '1', '2', '15:04:01');
INSERT INTO `depart_information` VALUES ('201501006', '201501', '1', '3', '23:59:57');
INSERT INTO `depart_information` VALUES ('201502001', '201502', '0', '1', '07:31:05');
INSERT INTO `depart_information` VALUES ('201502002', '201502', '0', '2', '15:51:58');
INSERT INTO `depart_information` VALUES ('201502003', '201502', '0', '3', '23:44:00');
INSERT INTO `depart_information` VALUES ('201502004', '201502', '1', '1', '07:01:21');
INSERT INTO `depart_information` VALUES ('201502005', '201502', '1', '2', '15:54:48');
INSERT INTO `depart_information` VALUES ('201502006', '201502', '1', '3', '23:46:55');
INSERT INTO `depart_information` VALUES ('201503001', '201503', '0', '1', '07:31:15');
INSERT INTO `depart_information` VALUES ('201503002', '201503', '0', '2', '15:52:36');
INSERT INTO `depart_information` VALUES ('201503003', '201503', '0', '3', '23:03:26');
INSERT INTO `depart_information` VALUES ('201503004', '201503', '1', '1', '07:03:34');
INSERT INTO `depart_information` VALUES ('201503005', '201503', '1', '2', '15:09:39');
INSERT INTO `depart_information` VALUES ('201503006', '201503', '1', '3', '23:38:10');
INSERT INTO `depart_information` VALUES ('201504001', '201504', '0', '1', '07:38:31');
INSERT INTO `depart_information` VALUES ('201504002', '201504', '0', '2', '15:05:49');
INSERT INTO `depart_information` VALUES ('201504003', '201504', '0', '3', '23:46:38');
INSERT INTO `depart_information` VALUES ('201504004', '201504', '1', '1', '07:19:51');
INSERT INTO `depart_information` VALUES ('201504005', '201504', '1', '2', '15:51:30');
INSERT INTO `depart_information` VALUES ('201504006', '201504', '1', '3', '23:32:36');
INSERT INTO `depart_information` VALUES ('201505001', '201505', '0', '1', '07:45:12');
INSERT INTO `depart_information` VALUES ('201505002', '201505', '0', '2', '15:58:34');
INSERT INTO `depart_information` VALUES ('201505003', '201505', '0', '3', '23:14:00');
INSERT INTO `depart_information` VALUES ('201505004', '201505', '1', '1', '07:51:57');
INSERT INTO `depart_information` VALUES ('201505005', '201505', '1', '2', '15:32:20');
INSERT INTO `depart_information` VALUES ('201505006', '201505', '1', '3', '23:41:08');
INSERT INTO `depart_information` VALUES ('201506001', '201506', '0', '1', '07:39:36');
INSERT INTO `depart_information` VALUES ('201506002', '201506', '0', '2', '15:24:01');
INSERT INTO `depart_information` VALUES ('201506003', '201506', '0', '3', '23:26:48');
INSERT INTO `depart_information` VALUES ('201506004', '201506', '1', '1', '07:37:23');
INSERT INTO `depart_information` VALUES ('201506005', '201506', '1', '2', '15:31:51');
INSERT INTO `depart_information` VALUES ('201506006', '201506', '1', '3', '23:47:47');
INSERT INTO `depart_information` VALUES ('201507001', '201507', '0', '1', '07:18:47');
INSERT INTO `depart_information` VALUES ('201507002', '201507', '0', '2', '15:58:57');
INSERT INTO `depart_information` VALUES ('201507003', '201507', '0', '3', '23:18:36');
INSERT INTO `depart_information` VALUES ('201507004', '201507', '1', '1', '07:12:18');
INSERT INTO `depart_information` VALUES ('201507005', '201507', '1', '2', '15:45:25');
INSERT INTO `depart_information` VALUES ('201507006', '201507', '1', '3', '23:33:05');
INSERT INTO `depart_information` VALUES ('201508001', '201508', '0', '1', '07:01:22');
INSERT INTO `depart_information` VALUES ('201508002', '201508', '0', '2', '15:43:47');
INSERT INTO `depart_information` VALUES ('201508003', '201508', '0', '3', '23:08:35');
INSERT INTO `depart_information` VALUES ('201508004', '201508', '1', '1', '07:23:30');
INSERT INTO `depart_information` VALUES ('201508005', '201508', '1', '2', '15:09:35');
INSERT INTO `depart_information` VALUES ('201508006', '201508', '1', '3', '23:07:51');
INSERT INTO `depart_information` VALUES ('201509001', '201509', '0', '1', '07:29:20');
INSERT INTO `depart_information` VALUES ('201509002', '201509', '0', '2', '15:28:18');
INSERT INTO `depart_information` VALUES ('201509003', '201509', '0', '3', '23:25:58');
INSERT INTO `depart_information` VALUES ('201509004', '201509', '1', '1', '07:12:43');
INSERT INTO `depart_information` VALUES ('201509005', '201509', '1', '2', '15:12:46');
INSERT INTO `depart_information` VALUES ('201509006', '201509', '1', '3', '23:37:11');
INSERT INTO `depart_information` VALUES ('201510001', '201510', '0', '1', '07:01:08');
INSERT INTO `depart_information` VALUES ('201510002', '201510', '0', '2', '15:09:20');
INSERT INTO `depart_information` VALUES ('201510003', '201510', '0', '3', '23:07:23');
INSERT INTO `depart_information` VALUES ('201510004', '201510', '1', '1', '07:01:40');
INSERT INTO `depart_information` VALUES ('201510005', '201510', '1', '2', '15:20:27');
INSERT INTO `depart_information` VALUES ('201510006', '201510', '1', '3', '23:10:22');
INSERT INTO `depart_information` VALUES ('201511001', '201511', '0', '1', '07:15:07');
INSERT INTO `depart_information` VALUES ('201511002', '201511', '0', '2', '15:05:51');
INSERT INTO `depart_information` VALUES ('201511003', '201511', '0', '3', '23:32:38');
INSERT INTO `depart_information` VALUES ('201511004', '201511', '1', '1', '07:24:53');
INSERT INTO `depart_information` VALUES ('201511005', '201511', '1', '2', '15:30:30');
INSERT INTO `depart_information` VALUES ('201511006', '201511', '1', '3', '23:23:20');
INSERT INTO `depart_information` VALUES ('201512001', '201512', '0', '1', '07:11:34');
INSERT INTO `depart_information` VALUES ('201512002', '201512', '0', '2', '15:04:06');
INSERT INTO `depart_information` VALUES ('201512003', '201512', '0', '3', '23:45:57');
INSERT INTO `depart_information` VALUES ('201512004', '201512', '1', '1', '07:02:52');
INSERT INTO `depart_information` VALUES ('201512005', '201512', '1', '2', '15:00:20');
INSERT INTO `depart_information` VALUES ('201512006', '201512', '1', '3', '23:09:17');
INSERT INTO `depart_information` VALUES ('201513001', '201513', '0', '1', '07:30:49');
INSERT INTO `depart_information` VALUES ('201513002', '201513', '0', '2', '15:47:59');
INSERT INTO `depart_information` VALUES ('201513003', '201513', '0', '3', '23:16:32');
INSERT INTO `depart_information` VALUES ('201513004', '201513', '1', '1', '07:04:58');
INSERT INTO `depart_information` VALUES ('201513005', '201513', '1', '2', '15:58:50');
INSERT INTO `depart_information` VALUES ('201513006', '201513', '1', '3', '23:33:55');
INSERT INTO `depart_information` VALUES ('201514001', '201514', '0', '1', '07:36:19');
INSERT INTO `depart_information` VALUES ('201514002', '201514', '0', '2', '15:16:56');
INSERT INTO `depart_information` VALUES ('201514003', '201514', '0', '3', '23:51:08');
INSERT INTO `depart_information` VALUES ('201514004', '201514', '1', '1', '07:17:21');
INSERT INTO `depart_information` VALUES ('201514005', '201514', '1', '2', '15:07:44');
INSERT INTO `depart_information` VALUES ('201514006', '201514', '1', '3', '23:40:36');
INSERT INTO `depart_information` VALUES ('201515001', '201515', '0', '1', '07:46:49');
INSERT INTO `depart_information` VALUES ('201515002', '201515', '0', '2', '15:20:42');
INSERT INTO `depart_information` VALUES ('201515003', '201515', '0', '3', '23:06:14');
INSERT INTO `depart_information` VALUES ('201515004', '201515', '1', '1', '07:14:53');
INSERT INTO `depart_information` VALUES ('201515005', '201515', '1', '2', '15:47:01');
INSERT INTO `depart_information` VALUES ('201515006', '201515', '1', '3', '23:38:16');
INSERT INTO `depart_information` VALUES ('201516001', '201516', '0', '1', '07:50:29');
INSERT INTO `depart_information` VALUES ('201516002', '201516', '0', '2', '15:20:33');
INSERT INTO `depart_information` VALUES ('201516003', '201516', '0', '3', '23:24:36');
INSERT INTO `depart_information` VALUES ('201516004', '201516', '1', '1', '07:34:14');
INSERT INTO `depart_information` VALUES ('201516005', '201516', '1', '2', '15:58:00');
INSERT INTO `depart_information` VALUES ('201516006', '201516', '1', '3', '23:31:39');
INSERT INTO `depart_information` VALUES ('201517001', '201517', '0', '1', '07:10:13');
INSERT INTO `depart_information` VALUES ('201517002', '201517', '0', '2', '15:15:22');
INSERT INTO `depart_information` VALUES ('201517003', '201517', '0', '3', '23:57:55');
INSERT INTO `depart_information` VALUES ('201517004', '201517', '1', '1', '07:46:36');
INSERT INTO `depart_information` VALUES ('201517005', '201517', '1', '2', '15:47:13');
INSERT INTO `depart_information` VALUES ('201517006', '201517', '1', '3', '23:25:06');
INSERT INTO `depart_information` VALUES ('201518001', '201518', '0', '1', '07:02:11');
INSERT INTO `depart_information` VALUES ('201518002', '201518', '0', '2', '15:41:02');
INSERT INTO `depart_information` VALUES ('201518003', '201518', '0', '3', '23:12:41');
INSERT INTO `depart_information` VALUES ('201518004', '201518', '1', '1', '07:22:05');
INSERT INTO `depart_information` VALUES ('201518005', '201518', '1', '2', '15:06:54');
INSERT INTO `depart_information` VALUES ('201518006', '201518', '1', '3', '23:55:23');
INSERT INTO `depart_information` VALUES ('201519001', '201519', '0', '1', '07:01:37');
INSERT INTO `depart_information` VALUES ('201519002', '201519', '0', '2', '15:37:27');
INSERT INTO `depart_information` VALUES ('201519003', '201519', '0', '3', '23:21:29');
INSERT INTO `depart_information` VALUES ('201519004', '201519', '1', '1', '07:45:47');
INSERT INTO `depart_information` VALUES ('201519005', '201519', '1', '2', '15:38:55');
INSERT INTO `depart_information` VALUES ('201519006', '201519', '1', '3', '23:14:31');
INSERT INTO `depart_information` VALUES ('201520001', '201520', '0', '1', '07:16:10');
INSERT INTO `depart_information` VALUES ('201520002', '201520', '0', '2', '15:49:59');
INSERT INTO `depart_information` VALUES ('201520003', '201520', '0', '3', '23:20:51');
INSERT INTO `depart_information` VALUES ('201520004', '201520', '1', '1', '07:46:42');
INSERT INTO `depart_information` VALUES ('201520005', '201520', '1', '2', '15:51:43');
INSERT INTO `depart_information` VALUES ('201520006', '201520', '1', '3', '23:19:11');
INSERT INTO `depart_information` VALUES ('201521001', '201521', '0', '1', '07:43:00');
INSERT INTO `depart_information` VALUES ('201521002', '201521', '0', '2', '15:32:28');
INSERT INTO `depart_information` VALUES ('201521003', '201521', '0', '3', '23:48:25');
INSERT INTO `depart_information` VALUES ('201521004', '201521', '1', '1', '07:09:56');
INSERT INTO `depart_information` VALUES ('201521005', '201521', '1', '2', '15:07:04');
INSERT INTO `depart_information` VALUES ('201521006', '201521', '1', '3', '23:40:06');
INSERT INTO `depart_information` VALUES ('201522001', '201522', '0', '1', '07:03:59');
INSERT INTO `depart_information` VALUES ('201522002', '201522', '0', '2', '15:53:35');
INSERT INTO `depart_information` VALUES ('201522003', '201522', '0', '3', '23:29:49');
INSERT INTO `depart_information` VALUES ('201522004', '201522', '1', '1', '07:56:20');
INSERT INTO `depart_information` VALUES ('201522005', '201522', '1', '2', '15:04:37');
INSERT INTO `depart_information` VALUES ('201522006', '201522', '1', '3', '23:28:05');
INSERT INTO `depart_information` VALUES ('201523001', '201523', '0', '1', '07:35:07');
INSERT INTO `depart_information` VALUES ('201523002', '201523', '0', '2', '15:24:06');
INSERT INTO `depart_information` VALUES ('201523003', '201523', '0', '3', '23:34:28');
INSERT INTO `depart_information` VALUES ('201523004', '201523', '1', '1', '07:02:50');
INSERT INTO `depart_information` VALUES ('201523005', '201523', '1', '2', '15:49:00');
INSERT INTO `depart_information` VALUES ('201523006', '201523', '1', '3', '23:34:15');
INSERT INTO `depart_information` VALUES ('201524001', '201524', '0', '1', '07:52:20');
INSERT INTO `depart_information` VALUES ('201524002', '201524', '0', '2', '15:22:58');
INSERT INTO `depart_information` VALUES ('201524003', '201524', '0', '3', '23:27:01');
INSERT INTO `depart_information` VALUES ('201524004', '201524', '1', '1', '07:21:26');
INSERT INTO `depart_information` VALUES ('201524005', '201524', '1', '2', '15:44:14');
INSERT INTO `depart_information` VALUES ('201524006', '201524', '1', '3', '23:45:31');
INSERT INTO `depart_information` VALUES ('201525001', '201525', '0', '1', '07:52:15');
INSERT INTO `depart_information` VALUES ('201525002', '201525', '0', '2', '15:01:05');
INSERT INTO `depart_information` VALUES ('201525003', '201525', '0', '3', '23:29:13');
INSERT INTO `depart_information` VALUES ('201525004', '201525', '1', '1', '07:13:57');
INSERT INTO `depart_information` VALUES ('201525005', '201525', '1', '2', '15:11:01');
INSERT INTO `depart_information` VALUES ('201525006', '201525', '1', '3', '23:07:01');
INSERT INTO `depart_information` VALUES ('201526001', '201526', '0', '1', '07:59:38');
INSERT INTO `depart_information` VALUES ('201526002', '201526', '0', '2', '15:35:20');
INSERT INTO `depart_information` VALUES ('201526003', '201526', '0', '3', '23:18:05');
INSERT INTO `depart_information` VALUES ('201526004', '201526', '1', '1', '07:00:39');
INSERT INTO `depart_information` VALUES ('201526005', '201526', '1', '2', '15:28:31');
INSERT INTO `depart_information` VALUES ('201526006', '201526', '1', '3', '23:45:57');
INSERT INTO `depart_information` VALUES ('201527001', '201527', '0', '1', '07:19:32');
INSERT INTO `depart_information` VALUES ('201527002', '201527', '0', '2', '15:18:36');
INSERT INTO `depart_information` VALUES ('201527003', '201527', '0', '3', '23:24:56');
INSERT INTO `depart_information` VALUES ('201527004', '201527', '1', '1', '07:00:09');
INSERT INTO `depart_information` VALUES ('201527005', '201527', '1', '2', '15:49:07');
INSERT INTO `depart_information` VALUES ('201527006', '201527', '1', '3', '23:34:40');
INSERT INTO `depart_information` VALUES ('201528001', '201528', '0', '1', '07:59:44');
INSERT INTO `depart_information` VALUES ('201528002', '201528', '0', '2', '15:24:54');
INSERT INTO `depart_information` VALUES ('201528003', '201528', '0', '3', '23:22:33');
INSERT INTO `depart_information` VALUES ('201528004', '201528', '1', '1', '07:03:24');
INSERT INTO `depart_information` VALUES ('201528005', '201528', '1', '2', '15:53:24');
INSERT INTO `depart_information` VALUES ('201528006', '201528', '1', '3', '23:34:04');
INSERT INTO `depart_information` VALUES ('201529001', '201529', '0', '1', '07:31:52');
INSERT INTO `depart_information` VALUES ('201529002', '201529', '0', '2', '15:05:09');
INSERT INTO `depart_information` VALUES ('201529003', '201529', '0', '3', '23:09:25');
INSERT INTO `depart_information` VALUES ('201529004', '201529', '1', '1', '07:22:42');
INSERT INTO `depart_information` VALUES ('201529005', '201529', '1', '2', '15:45:06');
INSERT INTO `depart_information` VALUES ('201529006', '201529', '1', '3', '23:45:05');
INSERT INTO `depart_information` VALUES ('201530001', '201530', '0', '1', '07:41:29');
INSERT INTO `depart_information` VALUES ('201530002', '201530', '0', '2', '15:17:25');
INSERT INTO `depart_information` VALUES ('201530003', '201530', '0', '3', '23:34:49');
INSERT INTO `depart_information` VALUES ('201530004', '201530', '1', '1', '07:42:26');
INSERT INTO `depart_information` VALUES ('201530005', '201530', '1', '2', '15:37:58');
INSERT INTO `depart_information` VALUES ('201530006', '201530', '1', '3', '23:25:09');

-- ----------------------------
-- Table structure for employee_station
-- ----------------------------
DROP TABLE IF EXISTS `employee_station`;
CREATE TABLE `employee_station` (
  `e_id` char(9) NOT NULL,
  `s_id` char(7) DEFAULT NULL,
  PRIMARY KEY (`e_id`)
) ENGINE=InnoDB DEFAULT CHARSET=utf8;

-- ----------------------------
-- Records of employee_station
-- ----------------------------
INSERT INTO `employee_station` VALUES ('201501001', '2015011');
INSERT INTO `employee_station` VALUES ('201501002', '2015044');
INSERT INTO `employee_station` VALUES ('201501003', '2015004');
INSERT INTO `employee_station` VALUES ('201501004', '2015001');
INSERT INTO `employee_station` VALUES ('201501005', '2015037');
INSERT INTO `employee_station` VALUES ('201501006', '2015020');
INSERT INTO `employee_station` VALUES ('201501007', '2015036');
INSERT INTO `employee_station` VALUES ('201501008', '2015009');
INSERT INTO `employee_station` VALUES ('201501009', '2015032');
INSERT INTO `employee_station` VALUES ('201501010', '2015026');
INSERT INTO `employee_station` VALUES ('201501011', '2015006');
INSERT INTO `employee_station` VALUES ('201501012', '2015002');
INSERT INTO `employee_station` VALUES ('201501013', '2015040');
INSERT INTO `employee_station` VALUES ('201501014', '2015010');
INSERT INTO `employee_station` VALUES ('201501015', '2015017');
INSERT INTO `employee_station` VALUES ('201501016', '2015043');
INSERT INTO `employee_station` VALUES ('201501017', '2015027');
INSERT INTO `employee_station` VALUES ('201501018', '2015019');
INSERT INTO `employee_station` VALUES ('201501019', '2015002');
INSERT INTO `employee_station` VALUES ('201501020', '2015038');
INSERT INTO `employee_station` VALUES ('201501021', '2015002');
INSERT INTO `employee_station` VALUES ('201501022', '2015002');
INSERT INTO `employee_station` VALUES ('201501023', '2015031');
INSERT INTO `employee_station` VALUES ('201501024', '2015045');
INSERT INTO `employee_station` VALUES ('201501025', '2015036');
INSERT INTO `employee_station` VALUES ('201501026', '2015009');
INSERT INTO `employee_station` VALUES ('201501027', '2015024');
INSERT INTO `employee_station` VALUES ('201501028', '2015024');
INSERT INTO `employee_station` VALUES ('201501029', '2015029');
INSERT INTO `employee_station` VALUES ('201501030', '2015016');
INSERT INTO `employee_station` VALUES ('201501031', '2015041');
INSERT INTO `employee_station` VALUES ('201501032', '2015013');
INSERT INTO `employee_station` VALUES ('201501033', '2015015');
INSERT INTO `employee_station` VALUES ('201501034', '2015045');
INSERT INTO `employee_station` VALUES ('201501035', '2015043');
INSERT INTO `employee_station` VALUES ('201501036', '2015021');
INSERT INTO `employee_station` VALUES ('201501037', '2015046');
INSERT INTO `employee_station` VALUES ('201501038', '2015035');
INSERT INTO `employee_station` VALUES ('201501039', '2015040');
INSERT INTO `employee_station` VALUES ('201501040', '2015025');
INSERT INTO `employee_station` VALUES ('201501041', '2015028');
INSERT INTO `employee_station` VALUES ('201501042', '2015009');
INSERT INTO `employee_station` VALUES ('201501043', '2015021');
INSERT INTO `employee_station` VALUES ('201501044', '2015048');
INSERT INTO `employee_station` VALUES ('201501045', '2015005');
INSERT INTO `employee_station` VALUES ('201501046', '2015043');
INSERT INTO `employee_station` VALUES ('201501047', '2015045');
INSERT INTO `employee_station` VALUES ('201501048', '2015046');
INSERT INTO `employee_station` VALUES ('201501049', '2015016');
INSERT INTO `employee_station` VALUES ('201501050', '2015016');
INSERT INTO `employee_station` VALUES ('201502001', '2015007');
INSERT INTO `employee_station` VALUES ('201502002', '2015039');
INSERT INTO `employee_station` VALUES ('201502003', '2015032');
INSERT INTO `employee_station` VALUES ('201502004', '2015013');
INSERT INTO `employee_station` VALUES ('201502005', '2015028');
INSERT INTO `employee_station` VALUES ('201502006', '2015036');
INSERT INTO `employee_station` VALUES ('201502007', '2015025');
INSERT INTO `employee_station` VALUES ('201502008', '2015009');
INSERT INTO `employee_station` VALUES ('201502009', '2015027');
INSERT INTO `employee_station` VALUES ('201502010', '2015017');
INSERT INTO `employee_station` VALUES ('201502011', '2015009');
INSERT INTO `employee_station` VALUES ('201502012', '2015028');
INSERT INTO `employee_station` VALUES ('201502013', '2015042');
INSERT INTO `employee_station` VALUES ('201502014', '2015017');
INSERT INTO `employee_station` VALUES ('201502015', '2015011');
INSERT INTO `employee_station` VALUES ('201502016', '2015045');
INSERT INTO `employee_station` VALUES ('201502017', '2015034');
INSERT INTO `employee_station` VALUES ('201502018', '2015041');
INSERT INTO `employee_station` VALUES ('201502019', '2015048');
INSERT INTO `employee_station` VALUES ('201502020', '2015027');
INSERT INTO `employee_station` VALUES ('201502021', '2015029');
INSERT INTO `employee_station` VALUES ('201502022', '2015036');
INSERT INTO `employee_station` VALUES ('201502023', '2015034');
INSERT INTO `employee_station` VALUES ('201502024', '2015001');
INSERT INTO `employee_station` VALUES ('201502025', '2015031');
INSERT INTO `employee_station` VALUES ('201502026', '2015026');
INSERT INTO `employee_station` VALUES ('201502027', '2015009');
INSERT INTO `employee_station` VALUES ('201502028', '2015028');
INSERT INTO `employee_station` VALUES ('201502029', '2015001');
INSERT INTO `employee_station` VALUES ('201502030', '2015014');
INSERT INTO `employee_station` VALUES ('201502031', '2015033');
INSERT INTO `employee_station` VALUES ('201502032', '2015025');
INSERT INTO `employee_station` VALUES ('201502033', '2015024');
INSERT INTO `employee_station` VALUES ('201502034', '2015037');
INSERT INTO `employee_station` VALUES ('201502035', '2015013');
INSERT INTO `employee_station` VALUES ('201502036', '2015036');
INSERT INTO `employee_station` VALUES ('201502037', '2015040');
INSERT INTO `employee_station` VALUES ('201502038', '2015031');
INSERT INTO `employee_station` VALUES ('201502039', '2015016');
INSERT INTO `employee_station` VALUES ('201502040', '2015045');
INSERT INTO `employee_station` VALUES ('201502041', '2015005');
INSERT INTO `employee_station` VALUES ('201502042', '2015050');
INSERT INTO `employee_station` VALUES ('201502043', '2015037');
INSERT INTO `employee_station` VALUES ('201502044', '2015029');
INSERT INTO `employee_station` VALUES ('201502045', '2015039');
INSERT INTO `employee_station` VALUES ('201502046', '2015031');
INSERT INTO `employee_station` VALUES ('201502047', '2015026');
INSERT INTO `employee_station` VALUES ('201502048', '2015018');
INSERT INTO `employee_station` VALUES ('201502049', '2015014');
INSERT INTO `employee_station` VALUES ('201502050', '2015040');
INSERT INTO `employee_station` VALUES ('201503001', '2015021');
INSERT INTO `employee_station` VALUES ('201503002', '2015047');
INSERT INTO `employee_station` VALUES ('201503003', '2015025');
INSERT INTO `employee_station` VALUES ('201503004', '2015011');
INSERT INTO `employee_station` VALUES ('201503005', '2015010');
INSERT INTO `employee_station` VALUES ('201503006', '2015022');
INSERT INTO `employee_station` VALUES ('201503007', '2015018');
INSERT INTO `employee_station` VALUES ('201503008', '2015033');
INSERT INTO `employee_station` VALUES ('201503009', '2015001');
INSERT INTO `employee_station` VALUES ('201503010', '2015039');
INSERT INTO `employee_station` VALUES ('201503011', '2015021');
INSERT INTO `employee_station` VALUES ('201503012', '2015042');
INSERT INTO `employee_station` VALUES ('201503013', '2015010');
INSERT INTO `employee_station` VALUES ('201503014', '2015045');
INSERT INTO `employee_station` VALUES ('201503015', '2015014');
INSERT INTO `employee_station` VALUES ('201503016', '2015027');
INSERT INTO `employee_station` VALUES ('201503017', '2015012');
INSERT INTO `employee_station` VALUES ('201503018', '2015040');
INSERT INTO `employee_station` VALUES ('201503019', '2015004');
INSERT INTO `employee_station` VALUES ('201503020', '2015040');
INSERT INTO `employee_station` VALUES ('201503021', '2015030');
INSERT INTO `employee_station` VALUES ('201503022', '2015042');
INSERT INTO `employee_station` VALUES ('201503023', '2015010');
INSERT INTO `employee_station` VALUES ('201503024', '2015047');
INSERT INTO `employee_station` VALUES ('201503025', '2015008');
INSERT INTO `employee_station` VALUES ('201503026', '2015006');
INSERT INTO `employee_station` VALUES ('201503027', '2015014');
INSERT INTO `employee_station` VALUES ('201503028', '2015032');
INSERT INTO `employee_station` VALUES ('201503029', '2015037');
INSERT INTO `employee_station` VALUES ('201503030', '2015050');
INSERT INTO `employee_station` VALUES ('201503031', '2015007');
INSERT INTO `employee_station` VALUES ('201503032', '2015039');
INSERT INTO `employee_station` VALUES ('201503033', '2015018');
INSERT INTO `employee_station` VALUES ('201503034', '2015032');
INSERT INTO `employee_station` VALUES ('201503035', '2015001');
INSERT INTO `employee_station` VALUES ('201503036', '2015021');
INSERT INTO `employee_station` VALUES ('201503037', '2015006');
INSERT INTO `employee_station` VALUES ('201503038', '2015045');
INSERT INTO `employee_station` VALUES ('201503039', '2015017');
INSERT INTO `employee_station` VALUES ('201503040', '2015019');
INSERT INTO `employee_station` VALUES ('201503041', '2015011');
INSERT INTO `employee_station` VALUES ('201503042', '2015024');
INSERT INTO `employee_station` VALUES ('201503043', '2015008');
INSERT INTO `employee_station` VALUES ('201503044', '2015023');
INSERT INTO `employee_station` VALUES ('201503045', '2015004');
INSERT INTO `employee_station` VALUES ('201503046', '2015017');
INSERT INTO `employee_station` VALUES ('201503047', '2015017');
INSERT INTO `employee_station` VALUES ('201503048', '2015049');
INSERT INTO `employee_station` VALUES ('201503049', '2015004');
INSERT INTO `employee_station` VALUES ('201503050', '2015034');
INSERT INTO `employee_station` VALUES ('201504001', '2015022');
INSERT INTO `employee_station` VALUES ('201504002', '2015002');
INSERT INTO `employee_station` VALUES ('201504003', '2015050');
INSERT INTO `employee_station` VALUES ('201504004', '2015014');
INSERT INTO `employee_station` VALUES ('201504005', '2015050');
INSERT INTO `employee_station` VALUES ('201504006', '2015022');
INSERT INTO `employee_station` VALUES ('201504007', '2015021');
INSERT INTO `employee_station` VALUES ('201504008', '2015023');
INSERT INTO `employee_station` VALUES ('201504009', '2015040');
INSERT INTO `employee_station` VALUES ('201504010', '2015050');
INSERT INTO `employee_station` VALUES ('201504011', '2015007');
INSERT INTO `employee_station` VALUES ('201504012', '2015013');
INSERT INTO `employee_station` VALUES ('201504013', '2015041');
INSERT INTO `employee_station` VALUES ('201504014', '2015018');
INSERT INTO `employee_station` VALUES ('201504015', '2015019');
INSERT INTO `employee_station` VALUES ('201504016', '2015017');
INSERT INTO `employee_station` VALUES ('201504017', '2015046');
INSERT INTO `employee_station` VALUES ('201504018', '2015012');
INSERT INTO `employee_station` VALUES ('201504019', '2015032');
INSERT INTO `employee_station` VALUES ('201504020', '2015032');
INSERT INTO `employee_station` VALUES ('201504021', '2015019');
INSERT INTO `employee_station` VALUES ('201504022', '2015027');
INSERT INTO `employee_station` VALUES ('201504023', '2015040');
INSERT INTO `employee_station` VALUES ('201504024', '2015031');
INSERT INTO `employee_station` VALUES ('201504025', '2015028');
INSERT INTO `employee_station` VALUES ('201504026', '2015031');
INSERT INTO `employee_station` VALUES ('201504027', '2015009');
INSERT INTO `employee_station` VALUES ('201504028', '2015031');
INSERT INTO `employee_station` VALUES ('201504029', '2015042');
INSERT INTO `employee_station` VALUES ('201504030', '2015026');
INSERT INTO `employee_station` VALUES ('201504031', '2015002');
INSERT INTO `employee_station` VALUES ('201504032', '2015002');
INSERT INTO `employee_station` VALUES ('201504033', '2015047');
INSERT INTO `employee_station` VALUES ('201504034', '2015039');
INSERT INTO `employee_station` VALUES ('201504035', '2015016');
INSERT INTO `employee_station` VALUES ('201504036', '2015039');
INSERT INTO `employee_station` VALUES ('201504037', '2015026');
INSERT INTO `employee_station` VALUES ('201504038', '2015039');
INSERT INTO `employee_station` VALUES ('201504039', '2015007');
INSERT INTO `employee_station` VALUES ('201504040', '2015033');
INSERT INTO `employee_station` VALUES ('201504041', '2015015');
INSERT INTO `employee_station` VALUES ('201504042', '2015040');
INSERT INTO `employee_station` VALUES ('201504043', '2015033');
INSERT INTO `employee_station` VALUES ('201504044', '2015010');
INSERT INTO `employee_station` VALUES ('201504045', '2015018');
INSERT INTO `employee_station` VALUES ('201504046', '2015036');
INSERT INTO `employee_station` VALUES ('201504047', '2015047');
INSERT INTO `employee_station` VALUES ('201504048', '2015013');
INSERT INTO `employee_station` VALUES ('201504049', '2015027');
INSERT INTO `employee_station` VALUES ('201504050', '2015035');
INSERT INTO `employee_station` VALUES ('201505001', '2015003');
INSERT INTO `employee_station` VALUES ('201505002', '2015046');
INSERT INTO `employee_station` VALUES ('201505003', '2015036');
INSERT INTO `employee_station` VALUES ('201505004', '2015027');
INSERT INTO `employee_station` VALUES ('201505005', '2015021');
INSERT INTO `employee_station` VALUES ('201505006', '2015046');
INSERT INTO `employee_station` VALUES ('201505007', '2015022');
INSERT INTO `employee_station` VALUES ('201505008', '2015020');
INSERT INTO `employee_station` VALUES ('201505009', '2015036');
INSERT INTO `employee_station` VALUES ('201505010', '2015003');
INSERT INTO `employee_station` VALUES ('201505011', '2015022');
INSERT INTO `employee_station` VALUES ('201505012', '2015027');
INSERT INTO `employee_station` VALUES ('201505013', '2015013');
INSERT INTO `employee_station` VALUES ('201505014', '2015012');
INSERT INTO `employee_station` VALUES ('201505015', '2015034');
INSERT INTO `employee_station` VALUES ('201505016', '2015018');
INSERT INTO `employee_station` VALUES ('201505017', '2015049');
INSERT INTO `employee_station` VALUES ('201505018', '2015044');
INSERT INTO `employee_station` VALUES ('201505019', '2015030');
INSERT INTO `employee_station` VALUES ('201505020', '2015038');
INSERT INTO `employee_station` VALUES ('201505021', '2015019');
INSERT INTO `employee_station` VALUES ('201505022', '2015042');
INSERT INTO `employee_station` VALUES ('201505023', '2015005');
INSERT INTO `employee_station` VALUES ('201505024', '2015008');
INSERT INTO `employee_station` VALUES ('201505025', '2015050');
INSERT INTO `employee_station` VALUES ('201505026', '2015026');
INSERT INTO `employee_station` VALUES ('201505027', '2015009');
INSERT INTO `employee_station` VALUES ('201505028', '2015023');
INSERT INTO `employee_station` VALUES ('201505029', '2015003');
INSERT INTO `employee_station` VALUES ('201505030', '2015038');
INSERT INTO `employee_station` VALUES ('201505031', '2015030');
INSERT INTO `employee_station` VALUES ('201505032', '2015044');
INSERT INTO `employee_station` VALUES ('201505033', '2015030');
INSERT INTO `employee_station` VALUES ('201505034', '2015016');
INSERT INTO `employee_station` VALUES ('201505035', '2015029');
INSERT INTO `employee_station` VALUES ('201505036', '2015019');
INSERT INTO `employee_station` VALUES ('201505037', '2015037');
INSERT INTO `employee_station` VALUES ('201505038', '2015042');
INSERT INTO `employee_station` VALUES ('201505039', '2015030');
INSERT INTO `employee_station` VALUES ('201505040', '2015038');
INSERT INTO `employee_station` VALUES ('201505041', '2015003');
INSERT INTO `employee_station` VALUES ('201505042', '2015003');
INSERT INTO `employee_station` VALUES ('201505043', '2015037');
INSERT INTO `employee_station` VALUES ('201505044', '2015032');
INSERT INTO `employee_station` VALUES ('201505045', '2015038');
INSERT INTO `employee_station` VALUES ('201505046', '2015032');
INSERT INTO `employee_station` VALUES ('201505047', '2015008');
INSERT INTO `employee_station` VALUES ('201505048', '2015031');
INSERT INTO `employee_station` VALUES ('201505049', '2015032');
INSERT INTO `employee_station` VALUES ('201505050', '2015006');
INSERT INTO `employee_station` VALUES ('201506001', '2015003');
INSERT INTO `employee_station` VALUES ('201506002', '2015013');
INSERT INTO `employee_station` VALUES ('201506003', '2015027');
INSERT INTO `employee_station` VALUES ('201506004', '2015048');
INSERT INTO `employee_station` VALUES ('201506005', '2015047');
INSERT INTO `employee_station` VALUES ('201506006', '2015010');
INSERT INTO `employee_station` VALUES ('201506007', '2015008');
INSERT INTO `employee_station` VALUES ('201506008', '2015042');
INSERT INTO `employee_station` VALUES ('201506009', '2015046');
INSERT INTO `employee_station` VALUES ('201506010', '2015029');
INSERT INTO `employee_station` VALUES ('201506011', '2015049');
INSERT INTO `employee_station` VALUES ('201506012', '2015016');
INSERT INTO `employee_station` VALUES ('201506013', '2015001');
INSERT INTO `employee_station` VALUES ('201506014', '2015003');
INSERT INTO `employee_station` VALUES ('201506015', '2015039');
INSERT INTO `employee_station` VALUES ('201506016', '2015022');
INSERT INTO `employee_station` VALUES ('201506017', '2015001');
INSERT INTO `employee_station` VALUES ('201506018', '2015008');
INSERT INTO `employee_station` VALUES ('201506019', '2015003');
INSERT INTO `employee_station` VALUES ('201506020', '2015001');
INSERT INTO `employee_station` VALUES ('201506021', '2015030');
INSERT INTO `employee_station` VALUES ('201506022', '2015046');
INSERT INTO `employee_station` VALUES ('201506023', '2015035');
INSERT INTO `employee_station` VALUES ('201506024', '2015006');
INSERT INTO `employee_station` VALUES ('201506025', '2015041');
INSERT INTO `employee_station` VALUES ('201506026', '2015012');
INSERT INTO `employee_station` VALUES ('201506027', '2015004');
INSERT INTO `employee_station` VALUES ('201506028', '2015009');
INSERT INTO `employee_station` VALUES ('201506029', '2015037');
INSERT INTO `employee_station` VALUES ('201506030', '2015032');
INSERT INTO `employee_station` VALUES ('201506031', '2015049');
INSERT INTO `employee_station` VALUES ('201506032', '2015015');
INSERT INTO `employee_station` VALUES ('201506033', '2015010');
INSERT INTO `employee_station` VALUES ('201506034', '2015018');
INSERT INTO `employee_station` VALUES ('201506035', '2015040');
INSERT INTO `employee_station` VALUES ('201506036', '2015031');
INSERT INTO `employee_station` VALUES ('201506037', '2015019');
INSERT INTO `employee_station` VALUES ('201506038', '2015001');
INSERT INTO `employee_station` VALUES ('201506039', '2015002');
INSERT INTO `employee_station` VALUES ('201506040', '2015015');
INSERT INTO `employee_station` VALUES ('201506041', '2015043');
INSERT INTO `employee_station` VALUES ('201506042', '2015038');
INSERT INTO `employee_station` VALUES ('201506043', '2015019');
INSERT INTO `employee_station` VALUES ('201506044', '2015041');
INSERT INTO `employee_station` VALUES ('201506045', '2015002');
INSERT INTO `employee_station` VALUES ('201506046', '2015008');
INSERT INTO `employee_station` VALUES ('201506047', '2015039');
INSERT INTO `employee_station` VALUES ('201506048', '2015033');
INSERT INTO `employee_station` VALUES ('201506049', '2015047');
INSERT INTO `employee_station` VALUES ('201506050', '2015020');
INSERT INTO `employee_station` VALUES ('201507001', '2015011');
INSERT INTO `employee_station` VALUES ('201507002', '2015029');
INSERT INTO `employee_station` VALUES ('201507003', '2015031');
INSERT INTO `employee_station` VALUES ('201507004', '2015012');
INSERT INTO `employee_station` VALUES ('201507005', '2015035');
INSERT INTO `employee_station` VALUES ('201507006', '2015048');
INSERT INTO `employee_station` VALUES ('201507007', '2015009');
INSERT INTO `employee_station` VALUES ('201507008', '2015032');
INSERT INTO `employee_station` VALUES ('201507009', '2015044');
INSERT INTO `employee_station` VALUES ('201507010', '2015012');
INSERT INTO `employee_station` VALUES ('201507011', '2015026');
INSERT INTO `employee_station` VALUES ('201507012', '2015044');
INSERT INTO `employee_station` VALUES ('201507013', '2015046');
INSERT INTO `employee_station` VALUES ('201507014', '2015049');
INSERT INTO `employee_station` VALUES ('201507015', '2015020');
INSERT INTO `employee_station` VALUES ('201507016', '2015018');
INSERT INTO `employee_station` VALUES ('201507017', '2015024');
INSERT INTO `employee_station` VALUES ('201507018', '2015013');
INSERT INTO `employee_station` VALUES ('201507019', '2015016');
INSERT INTO `employee_station` VALUES ('201507020', '2015008');
INSERT INTO `employee_station` VALUES ('201507021', '2015018');
INSERT INTO `employee_station` VALUES ('201507022', '2015019');
INSERT INTO `employee_station` VALUES ('201507023', '2015013');
INSERT INTO `employee_station` VALUES ('201507024', '2015041');
INSERT INTO `employee_station` VALUES ('201507025', '2015033');
INSERT INTO `employee_station` VALUES ('201507026', '2015046');
INSERT INTO `employee_station` VALUES ('201507027', '2015039');
INSERT INTO `employee_station` VALUES ('201507028', '2015020');
INSERT INTO `employee_station` VALUES ('201507029', '2015014');
INSERT INTO `employee_station` VALUES ('201507030', '2015019');
INSERT INTO `employee_station` VALUES ('201507031', '2015024');
INSERT INTO `employee_station` VALUES ('201507032', '2015006');
INSERT INTO `employee_station` VALUES ('201507033', '2015040');
INSERT INTO `employee_station` VALUES ('201507034', '2015007');
INSERT INTO `employee_station` VALUES ('201507035', '2015037');
INSERT INTO `employee_station` VALUES ('201507036', '2015004');
INSERT INTO `employee_station` VALUES ('201507037', '2015002');
INSERT INTO `employee_station` VALUES ('201507038', '2015003');
INSERT INTO `employee_station` VALUES ('201507039', '2015043');
INSERT INTO `employee_station` VALUES ('201507040', '2015048');
INSERT INTO `employee_station` VALUES ('201507041', '2015047');
INSERT INTO `employee_station` VALUES ('201507042', '2015036');
INSERT INTO `employee_station` VALUES ('201507043', '2015011');
INSERT INTO `employee_station` VALUES ('201507044', '2015016');
INSERT INTO `employee_station` VALUES ('201507045', '2015046');
INSERT INTO `employee_station` VALUES ('201507046', '2015010');
INSERT INTO `employee_station` VALUES ('201507047', '2015008');
INSERT INTO `employee_station` VALUES ('201507048', '2015020');
INSERT INTO `employee_station` VALUES ('201507049', '2015047');
INSERT INTO `employee_station` VALUES ('201507050', '2015029');
INSERT INTO `employee_station` VALUES ('201508001', '2015045');
INSERT INTO `employee_station` VALUES ('201508002', '2015007');
INSERT INTO `employee_station` VALUES ('201508003', '2015047');
INSERT INTO `employee_station` VALUES ('201508004', '2015044');
INSERT INTO `employee_station` VALUES ('201508005', '2015014');
INSERT INTO `employee_station` VALUES ('201508006', '2015029');
INSERT INTO `employee_station` VALUES ('201508007', '2015027');
INSERT INTO `employee_station` VALUES ('201508008', '2015041');
INSERT INTO `employee_station` VALUES ('201508009', '2015039');
INSERT INTO `employee_station` VALUES ('201508010', '2015013');
INSERT INTO `employee_station` VALUES ('201508011', '2015021');
INSERT INTO `employee_station` VALUES ('201508012', '2015014');
INSERT INTO `employee_station` VALUES ('201508013', '2015026');
INSERT INTO `employee_station` VALUES ('201508014', '2015036');
INSERT INTO `employee_station` VALUES ('201508015', '2015020');
INSERT INTO `employee_station` VALUES ('201508016', '2015032');
INSERT INTO `employee_station` VALUES ('201508017', '2015023');
INSERT INTO `employee_station` VALUES ('201508018', '2015004');
INSERT INTO `employee_station` VALUES ('201508019', '2015031');
INSERT INTO `employee_station` VALUES ('201508020', '2015009');
INSERT INTO `employee_station` VALUES ('201508021', '2015041');
INSERT INTO `employee_station` VALUES ('201508022', '2015033');
INSERT INTO `employee_station` VALUES ('201508023', '2015017');
INSERT INTO `employee_station` VALUES ('201508024', '2015018');
INSERT INTO `employee_station` VALUES ('201508025', '2015032');
INSERT INTO `employee_station` VALUES ('201508026', '2015006');
INSERT INTO `employee_station` VALUES ('201508027', '2015028');
INSERT INTO `employee_station` VALUES ('201508028', '2015024');
INSERT INTO `employee_station` VALUES ('201508029', '2015010');
INSERT INTO `employee_station` VALUES ('201508030', '2015002');
INSERT INTO `employee_station` VALUES ('201508031', '2015026');
INSERT INTO `employee_station` VALUES ('201508032', '2015007');
INSERT INTO `employee_station` VALUES ('201508033', '2015031');
INSERT INTO `employee_station` VALUES ('201508034', '2015016');
INSERT INTO `employee_station` VALUES ('201508035', '2015049');
INSERT INTO `employee_station` VALUES ('201508036', '2015018');
INSERT INTO `employee_station` VALUES ('201508037', '2015041');
INSERT INTO `employee_station` VALUES ('201508038', '2015041');
INSERT INTO `employee_station` VALUES ('201508039', '2015044');
INSERT INTO `employee_station` VALUES ('201508040', '2015011');
INSERT INTO `employee_station` VALUES ('201508041', '2015046');
INSERT INTO `employee_station` VALUES ('201508042', '2015027');
INSERT INTO `employee_station` VALUES ('201508043', '2015001');
INSERT INTO `employee_station` VALUES ('201508044', '2015002');
INSERT INTO `employee_station` VALUES ('201508045', '2015026');
INSERT INTO `employee_station` VALUES ('201508046', '2015020');
INSERT INTO `employee_station` VALUES ('201508047', '2015019');
INSERT INTO `employee_station` VALUES ('201508048', '2015038');
INSERT INTO `employee_station` VALUES ('201508049', '2015018');
INSERT INTO `employee_station` VALUES ('201508050', '2015031');

-- ----------------------------
-- Table structure for statement
-- ----------------------------
DROP TABLE IF EXISTS `statement`;
CREATE TABLE `statement` (
  `c_id` char(6) NOT NULL,
  `direction` int(11) DEFAULT NULL,
  `s_date` date DEFAULT NULL,
  `s_sum` int(11) DEFAULT NULL,
  PRIMARY KEY (`c_id`)
) ENGINE=InnoDB DEFAULT CHARSET=utf8;

-- ----------------------------
-- Records of statement
-- ----------------------------

-- ----------------------------
-- Table structure for station_information
-- ----------------------------
DROP TABLE IF EXISTS `station_information`;
CREATE TABLE `station_information` (
  `s_id` char(7) NOT NULL,
  `s_name` varchar(100) NOT NULL,
  `longitude` double NOT NULL,
  `latitude` double NOT NULL,
  PRIMARY KEY (`s_id`)
) ENGINE=InnoDB DEFAULT CHARSET=utf8;

-- ----------------------------
-- Records of station_information
-- ----------------------------
INSERT INTO `station_information` VALUES ('2015001', '智能化管理站', '121.63687609', '30.46286896');
INSERT INTO `station_information` VALUES ('2015002', '信息生产站', '121.58254675', '31.10019422');
INSERT INTO `station_information` VALUES ('2015003', 'XX公司最终站', '121.26146139', '31.31887796');
INSERT INTO `station_information` VALUES ('2015004', '智能化XX公司班次实现站', '120.56155233', '31.32388279');
INSERT INTO `station_information` VALUES ('2015005', '实现站', '121.44602794', '31.41247583');
INSERT INTO `station_information` VALUES ('2015006', '信息站', '121.15772753', '30.05060308');
INSERT INTO `station_information` VALUES ('2015007', '员工计划迫切根据站', '120.36853369', '30.0133287');
INSERT INTO `station_information` VALUES ('2015008', '智能化班次XX公司站', '120.32679507', '30.84026714');
INSERT INTO `station_information` VALUES ('2015009', '安排信息员工生产站', '121.77220845', '30.13641384');
INSERT INTO `station_information` VALUES ('2015010', '引擎站', '120.23110279', '30.09699375');
INSERT INTO `station_information` VALUES ('2015011', '智能化站', '120.82993861', '30.88112888');
INSERT INTO `station_information` VALUES ('2015012', '员工实现系统迫切站', '121.84930572', '30.52985619');
INSERT INTO `station_information` VALUES ('2015013', '基于站', '121.90278374', '30.36837391');
INSERT INTO `station_information` VALUES ('2015014', '信息乘车系统站', '121.50226008', '31.11861044');
INSERT INTO `station_information` VALUES ('2015015', '地图安排站', '120.85965821', '30.69662036');
INSERT INTO `station_information` VALUES ('2015016', '乘车信息安排综上站', '121.8990541', '30.32372101');
INSERT INTO `station_information` VALUES ('2015017', '管理管理引擎站', '120.61595858', '31.28569516');
INSERT INTO `station_information` VALUES ('2015018', '实现基于迫切综上站', '120.91216357', '31.10552023');
INSERT INTO `station_information` VALUES ('2015019', '基于信息实现站', '121.07453551', '30.76287077');
INSERT INTO `station_information` VALUES ('2015020', '系统信息引擎乘车站', '120.57848011', '30.55004818');
INSERT INTO `station_information` VALUES ('2015021', '乘车站', '121.30033196', '31.2782233');
INSERT INTO `station_information` VALUES ('2015022', 'XX公司站', '120.73048507', '31.26733973');
INSERT INTO `station_information` VALUES ('2015023', '管理迫切迫切站', '121.4912418', '30.9305283');
INSERT INTO `station_information` VALUES ('2015024', '生产乘车站', '120.29324987', '30.6698386');
INSERT INTO `station_information` VALUES ('2015025', '员工地点实现站', '120.08030887', '30.12963165');
INSERT INTO `station_information` VALUES ('2015026', '根据XX公司站', '120.78924204', '30.13806665');
INSERT INTO `station_information` VALUES ('2015027', '根据站', '121.92002145', '31.0042774');
INSERT INTO `station_information` VALUES ('2015028', '计划地图基于站', '120.1172086', '30.60420932');
INSERT INTO `station_information` VALUES ('2015029', '安排乘车最终不同站', '120.10005268', '30.76544628');
INSERT INTO `station_information` VALUES ('2015030', '生产基于系统站', '120.98084538', '30.18029509');
INSERT INTO `station_information` VALUES ('2015031', '员工XX公司站', '121.85479249', '30.59893143');
INSERT INTO `station_information` VALUES ('2015032', '系统班次地图站', '121.961865', '30.40427763');
INSERT INTO `station_information` VALUES ('2015033', '引擎系统生产信息站', '120.73117637', '30.02637735');
INSERT INTO `station_information` VALUES ('2015034', '实现站', '121.96919472', '31.18593286');
INSERT INTO `station_information` VALUES ('2015035', '智能化实现站', '120.83379185', '30.63352893');
INSERT INTO `station_information` VALUES ('2015036', '安排厂车生产站', '120.52719373', '30.84722603');
INSERT INTO `station_information` VALUES ('2015037', '生产员工安排最终站', '121.57709871', '30.33785997');
INSERT INTO `station_information` VALUES ('2015038', '综上地图智能化基于站', '121.05117995', '30.8802523');
INSERT INTO `station_information` VALUES ('2015039', '系统需要系统安排站', '121.34847255', '31.01359222');
INSERT INTO `station_information` VALUES ('2015040', '基于乘车站', '120.24851695', '30.07932175');
INSERT INTO `station_information` VALUES ('2015041', '信息站', '120.33854319', '30.78354691');
INSERT INTO `station_information` VALUES ('2015042', '智能化安排引擎地点站', '121.53246612', '30.2995811');
INSERT INTO `station_information` VALUES ('2015043', '系统智能化综上乘车站', '120.42411211', '30.98382914');
INSERT INTO `station_information` VALUES ('2015044', '智能化迫切站', '120.91589173', '30.28901994');
INSERT INTO `station_information` VALUES ('2015045', '安排XX公司站', '120.97246852', '30.38123763');
INSERT INTO `station_information` VALUES ('2015046', '员工站', '121.8665904', '30.3930381');
INSERT INTO `station_information` VALUES ('2015047', '需要智能化站', '120.63529521', '30.27387852');
INSERT INTO `station_information` VALUES ('2015048', '需要地图班次站', '121.43853591', '30.083969');
INSERT INTO `station_information` VALUES ('2015049', '安排班次站', '121.95009366', '30.3552406');
INSERT INTO `station_information` VALUES ('2015050', '不同安排信息迫切站', '121.19044307', '30.79385941');
